Workbook

Sheet Sem1-2
A1: ຜົນການຮຽນສົກຮຽນ2022 - 2023 ນັກສຶກສາຮຸ່ນທີ19 ພາກວິຊາພາສາຍີ່ປຸ່ນ | AN1: ຜົນການຮຽນສົກຮຽນ2022 - 2023 ນັກສຶກສາຮຸ່ນທີ 20 ພາກວິຊາພາສາຍີ່ປຸ່ນ
A2: ລ/ດ | B2: ລະຫັດນສ | C2: ເພດ | D2: ຊື່ພາສາລາວ | E2: ນາມສະກຸນພາສາລາວ | F2: ຊື່ພາສາອັງກິດ | G2: ນາມສະກຸນພາສາອັງກິດ | H2: ວ.ດ.ປີເກີດ | I2: ແຂວງເກີດ | J2: ຫ້ອງ | K2: ພາກຮຽນທີ 1 (17 ໜ່ວຍກິດ) | AL2: GPA (ພາກຮຽນ 1) | AN2: ຄ່າລະດັບ | AO2: ລະດັບ | AP2: ຄະແນນລວມ | AQ2: ຄ່າລະດັບ | AR2: ລະດັບ | AS2: ຄະແນນລວມ | AT2: ຄ່າລະດັບ | AU2: ລະດັບ | AV2: ຄະແນນລວມ | AW2: ພາກຮຽນທີ2(16ໜ່ວຍກິດ) | BX2: GPA | BY2: CGPA | BZ2: Rank | CA2: ໝາຍເຫດ
K3: ພາສາຍີ່ປຸ່ນ 1 (3) | N3: ໄວຍາກອນຍີ່ປຸ່ນ 1 (2) | Q3: ຄັນຈິ 1 (1) | T3: ຟັງ-ເວົ້າພາສາຍີ່ປຸ່ນ 1 (2) | W3: ສຽງ-ຕົວອັກສອນ (1) | Z3: ພາສາອັງກິດ 1 (2) | AC3: ລາວສຶກສາ1 (2) | AF3: ຈິດຕະວິທະຍາທົ່ວໄປ (2) | AI3: ທັກສະພື້ນຖານການນຳໃຊ້ຂໍ້ມູນຂ່າວສານເທັກໂນໂລຊີ (2) | AW3: ພາສາຍີ່ປຸ່ນ2(3) | AZ3: ການຟັງ-ການເວົ້າພາສາຍີ່ປຸ່ນ2 (2) | BC3: ຄັນຈິ2(1) | BF3: ໄວຍາກອນ2(2) | BI3: ການອ່ານພາສາຍີ່ປຸ່ນ1(1) | BL3: ການຂຽນພາສາຍີ່ປຸ່ນ1(1) | BO3: ຄອມພິວເຕີ(2) | BR3: ລາວສຶກສາ2(2) | BU3: ການເມືອງ(2)
K4: ຄະແນນລວມ | L4: ຄ່າລະດັບ | M4: ລະດັບ | N4: ຄະແນນລວມ | O4: ຄ່າລະດັບ | P4: ລະດັບ | Q4: ຄະແນນລວມ | R4: ຄ່າລະດັບ | S4: ລະດັບ | T4: ຄະແນນລວມ | U4: ຄ່າລະດັບ | V4: ລະດັບ | W4: ຄະແນນລວມ | X4: ຄ່າລະດັບ | Y4: ລະດັບ | Z4: ຄະແນນລວມ | AA4: ຄ່າລະດັບ | AB4: ລະດັບ | AC4: ຄະແນນລວມ | AD4: ຄ່າລະດັບ | AE4: ລະດັບ | AF4: ຄະແນນລວມ | AG4: ຄ່າລະດັບ | AH4: ລະດັບ | AI4: ຄະແນນລວມ | AJ4: ຄ່າລະດັບ | AK4: ລະດັບ | AW4: ຄ່າລະດັບ | AX4: ລະດັບ | AY4: ຄະແນນລວມ | AZ4: ຄ່າລະດັບ | BA4: ລະດັບ | BB4: ຄະແນນລວມ | BC4: ຄ່າລະດັບ | BD4: ລະດັບ | BE4: ຄະແນນລວມ | BF4: ຄ່າລະດັບ | BG4: ລະດັບ | BH4: ຄະແນນລວມ | BI4: ຄ່າລະດັບ | BJ4: ລະດັບ | BK4: ຄະແນນລວມ | BL4: ຄ່າລະດັບ | BM4: ລະດັບ | BN4: ຄະແນນລວມ | BO4: ຄ່າລະດັບ | BP4: ລະດັບ | BQ4: GPA (ພາກຮຽນ 2) | BR4: ຄະແນນລວມ | BS4: ຄ່າລະດັບ | BT4: ລະດັບ | BU4: ຄະແນນລວມ | BV4: ຄ່າລະດັບ | BW4: ລະດັບ
AM5: ພາສາຍີ່ປຸ່ນ 2 (3)
AM6: ຄະແນນລວມ
A7: 1 | B7: 125Q0007/23 | C7: ທ້າວ | D7: ວາຍຸ | E7: ສິງຫາລາດ | F7: Mr.Vayou | G7: SINGHALATH | H7: 27/09/2005 | I7: ນະຄອນຫຼວງວຽງຈັນ | J7: 1 | K7: 87 | L7: =IF(K7>=91, 4.00, IF(K7>=81, 3.50, IF(K7>=70, 3.00, IF(K7>=65, 2.50, IF(K7>=60, 2.00, IF(K7>=55, 1.50, IF(K7>=50, 1.00, 0.00))))))) | M7: =IF(K7>=91,"A",IF(K7>=81,"B+",IF(K7>=70,"B",IF(K7>=65,"C+",IF(K7>=60,"C",IF(K7>=55,"D+",IF(K7>=50,"D","F"))))))) | N7: 99 | O7: =IF(N7>=91, 4.00, IF(N7>=81, 3.50, IF(N7>=70, 3.00, IF(N7>=65, 2.50, IF(N7>=60, 2.00, IF(N7>=55, 1.50, IF(N7>=50, 1.00, 0.00))))))) | P7: =IF(N7>=91,"A",IF(N7>=81,"B+",IF(N7>=70,"B",IF(N7>=65,"C+",IF(N7>=60,"C",IF(N7>=55,"D+",IF(N7>=50,"D","F"))))))) | Q7: 98 | R7: =IF(Q7>=91, 4.00, IF(Q7>=81, 3.50, IF(Q7>=70, 3.00, IF(Q7>=65, 2.50, IF(Q7>=60, 2.00, IF(Q7>=55, 1.50, IF(Q7>=50, 1.00, 0.00))))))) | S7: =IF(Q7>=91,"A",IF(Q7>=81,"B+",IF(Q7>=70,"B",IF(Q7>=65,"C+",IF(Q7>=60,"C",IF(Q7>=55,"D+",IF(Q7>=50,"D","F"))))))) | T7: 80 | U7: =IF(T7>=91, 4.00, IF(T7>=81, 3.50, IF(T7>=70, 3.00, IF(T7>=65, 2.50, IF(T7>=60, 2.00, IF(T7>=55, 1.50, IF(T7>=50, 1.00, 0.00))))))) | V7: =IF(T7>=91,"A",IF(T7>=81,"B+",IF(T7>=70,"B",IF(T7>=65,"C+",IF(T7>=60,"C",IF(T7>=55,"D+",IF(T7>=50,"D","F"))))))) | W7: 77 | X7: =IF(W7>=91, 4.00, IF(W7>=81, 3.50, IF(W7>=70, 3.00, IF(W7>=65, 2.50, IF(W7>=60, 2.00, IF(W7>=55, 1.50, IF(W7>=50, 1.00, 0.00))))))) | Y7: =IF(W7>=91,"A",IF(W7>=81,"B+",IF(W7>=70,"B",IF(W7>=65,"C+",IF(W7>=60,"C",IF(W7>=55,"D+",IF(W7>=50,"D","F"))))))) | Z7: 90.52 | AA7: =IF(Z7>=91, 4.00, IF(Z7>=81, 3.50, IF(Z7>=70, 3.00, IF(Z7>=65, 2.50, IF(Z7>=60, 2.00, IF(Z7>=55, 1.50, IF(Z7>=50, 1.00, 0.00))))))) | AB7: =IF(Z7>=91,"A",IF(Z7>=81,"B+",IF(Z7>=70,"B",IF(Z7>=65,"C+",IF(Z7>=60,"C",IF(Z7>=55,"D+",IF(Z7>=50,"D","F"))))))) | AC7: 85.5 | AD7: =IF(AC7>=91, 4.00, IF(AC7>=81, 3.50, IF(AC7>=70, 3.00, IF(AC7>=65, 2.50, IF(AC7>=60, 2.00, IF(AC7>=55, 1.50, IF(AC7>=50, 1.00, 0.00))))))) | AE7: =IF(AC7>=91,"A",IF(AC7>=81,"B+",IF(AC7>=70,"B",IF(AC7>=65,"C+",IF(AC7>=60,"C",IF(AC7>=55,"D+",IF(AC7>=50,"D","F"))))))) | AF7: 81 | AG7: =IF(AF7>=91, 4.00, IF(AF7>=81, 3.50, IF(AF7>=70, 3.00, IF(AF7>=65, 2.50, IF(AF7>=60, 2.00, IF(AF7>=55, 1.50, IF(AF7>=50, 1.00, 0.00))))))) | AH7: =IF(AF7>=91,"A",IF(AF7>=81,"B+",IF(AF7>=70,"B",IF(AF7>=65,"C+",IF(AF7>=60,"C",IF(AF7>=55,"D+",IF(AF7>=50,"D","F"))))))) | AI7: 81 | AJ7: =IF(AI7>=91, 4.00, IF(AI7>=81, 3.50, IF(AI7>=70, 3.00, IF(AI7>=65, 2.50, IF(AI7>=60, 2.00, IF(AI7>=55, 1.50, IF(AI7>=50, 1.00, 0.00))))))) | AK7: =IF(AI7>=91,"A",IF(AI7>=81,"B+",IF(AI7>=70,"B",IF(AI7>=65,"C+",IF(AI7>=60,"C",IF(AI7>=55,"D+",IF(AI7>=50,"D","F"))))))) | AL7: =ROUND((L7*3+O7*2+R7*1+U7*2+X7*1+AA7*2+AD7*2+AG7*2+AJ7*2)/17, 2) | AM7: 93 | AN7: =IF(AM7>=91, 4.00, IF(AM7>=81, 3.50, IF(AM7>=70, 3.00, IF(AM7>=65, 2.50, IF(AM7>=60, 2.00, IF(AM7>=55, 1.50, IF(AM7>=50, 1.00, 0.00))))))) | AO7: =IF(AM7>=91,"A",IF(AM7>=81,"B+",IF(AM7>=70,"B",IF(AM7>=65,"C+",IF(AM7>=60,"C",IF(AM7>=55,"D+",IF(AM7>=50,"D","F"))))))) | AP7: ທ້າວ | AQ7: =IF(AP7>=91, 4.00, IF(AP7>=81, 3.50, IF(AP7>=70, 3.00, IF(AP7>=65, 2.50, IF(AP7>=60, 2.00, IF(AP7>=55, 1.50, IF(AP7>=50, 1.00, 0.00))))))) | AR7: =IF(AP7>=91,"A",IF(AP7>=81,"B+",IF(AP7>=70,"B",IF(AP7>=65,"C+",IF(AP7>=60,"C",IF(AP7>=55,"D+",IF(AP7>=50,"D","F"))))))) | AS7: Mr.Vayou | AT7: =IF(AS7>=91, 4.00, IF(AS7>=81, 3.50, IF(AS7>=70, 3.00, IF(AS7>=65, 2.50, IF(AS7>=60, 2.00, IF(AS7>=55, 1.50, IF(AS7>=50, 1.00, 0.00))))))) | AU7: =IF(AS7>=91,"A",IF(AS7>=81,"B+",IF(AS7>=70,"B",IF(AS7>=65,"C+",IF(AS7>=60,"C",IF(AS7>=55,"D+",IF(AS7>=50,"D","F"))))))) | AV7: ນະຄອນຫຼວງວຽງຈັນ | AW7: =IF(AV7>=91, 4.00, IF(AV7>=81, 3.50, IF(AV7>=70, 3.00, IF(AV7>=65, 2.50, IF(AV7>=60, 2.00, IF(AV7>=55, 1.50, IF(AV7>=50, 1.00, 0.00))))))) | AX7: =IF(AV7>=91,"A",IF(AV7>=81,"B+",IF(AV7>=70,"B",IF(AV7>=65,"C+",IF(AV7>=60,"C",IF(AV7>=55,"D+",IF(AV7>=50,"D","F"))))))) | AY7: =IF(AW7>90,"A",IF(AW7>80,"B+",IF(AW7>69,"B",IF(AW7>64,"C+",IF(AW7>59,"C",IF(AW7>54,"D+",IF(AW7>49,"D",IF(AW7>=0,"F")))))))) -> A | AZ7: =IF(AY7>=91, 4.00, IF(AY7>=81, 3.50, IF(AY7>=70, 3.00, IF(AY7>=65, 2.50, IF(AY7>=60, 2.00, IF(AY7>=55, 1.50, IF(AY7>=50, 1.00, 0.00))))))) | BA7: =IF(AY7>=91,"A",IF(AY7>=81,"B+",IF(AY7>=70,"B",IF(AY7>=65,"C+",IF(AY7>=60,"C",IF(AY7>=55,"D+",IF(AY7>=50,"D","F"))))))) | BB7: =IF(AZ7>90,"A",IF(AZ7>80,"B+",IF(AZ7>69,"B",IF(AZ7>64,"C+",IF(AZ7>59,"C",IF(AZ7>54,"D+",IF(AZ7>49,"D",IF(AZ7>=0,"F")))))))) -> A | BC7: =IF(BB7>=91, 4.00, IF(BB7>=81, 3.50, IF(BB7>=70, 3.00, IF(BB7>=65, 2.50, IF(BB7>=60, 2.00, IF(BB7>=55, 1.50, IF(BB7>=50, 1.00, 0.00))))))) | BD7: =IF(BB7>=91,"A",IF(BB7>=81,"B+",IF(BB7>=70,"B",IF(BB7>=65,"C+",IF(BB7>=60,"C",IF(BB7>=55,"D+",IF(BB7>=50,"D","F"))))))) | BE7: =IF(BC7>90,"A",IF(BC7>80,"B+",IF(BC7>69,"B",IF(BC7>64,"C+",IF(BC7>59,"C",IF(BC7>54,"D+",IF(BC7>49,"D",IF(BC7>=0,"F")))))))) -> A | BF7: =IF(BE7>=91, 4.00, IF(BE7>=81, 3.50, IF(BE7>=70, 3.00, IF(BE7>=65, 2.50, IF(BE7>=60, 2.00, IF(BE7>=55, 1.50, IF(BE7>=50, 1.00, 0.00))))))) | BG7: =IF(BE7>=91,"A",IF(BE7>=81,"B+",IF(BE7>=70,"B",IF(BE7>=65,"C+",IF(BE7>=60,"C",IF(BE7>=55,"D+",IF(BE7>=50,"D","F"))))))) | BH7: =IF(BF7>90,"A",IF(BF7>80,"B+",IF(BF7>69,"B",IF(BF7>64,"C+",IF(BF7>59,"C",IF(BF7>54,"D+",IF(BF7>49,"D",IF(BF7>=0,"F")))))))) -> A | BI7: =IF(BH7>=91, 4.00, IF(BH7>=81, 3.50, IF(BH7>=70, 3.00, IF(BH7>=65, 2.50, IF(BH7>=60, 2.00, IF(BH7>=55, 1.50, IF(BH7>=50, 1.00, 0.00))))))) | BJ7: =IF(BH7>=91,"A",IF(BH7>=81,"B+",IF(BH7>=70,"B",IF(BH7>=65,"C+",IF(BH7>=60,"C",IF(BH7>=55,"D+",IF(BH7>=50,"D","F"))))))) | BK7: =IF(BI7>90,"A",IF(BI7>80,"B+",IF(BI7>69,"B",IF(BI7>64,"C+",IF(BI7>59,"C",IF(BI7>54,"D+",IF(BI7>49,"D",IF(BI7>=0,"F")))))))) -> A | BL7: =IF(BK7>=91, 4.00, IF(BK7>=81, 3.50, IF(BK7>=70, 3.00, IF(BK7>=65, 2.50, IF(BK7>=60, 2.00, IF(BK7>=55, 1.50, IF(BK7>=50, 1.00, 0.00))))))) | BM7: =IF(BK7>=91,"A",IF(BK7>=81,"B+",IF(BK7>=70,"B",IF(BK7>=65,"C+",IF(BK7>=60,"C",IF(BK7>=55,"D+",IF(BK7>=50,"D","F"))))))) | BN7: =IF(BL7>90,"A",IF(BL7>80,"B+",IF(BL7>69,"B",IF(BL7>64,"C+",IF(BL7>59,"C",IF(BL7>54,"D+",IF(BL7>49,"D",IF(BL7>=0,"F")))))))) -> A | BO7: =IF(BN7>=91, 4.00, IF(BN7>=81, 3.50, IF(BN7>=70, 3.00, IF(BN7>=65, 2.50, IF(BN7>=60, 2.00, IF(BN7>=55, 1.50, IF(BN7>=50, 1.00, 0.00))))))) | BP7: =IF(BN7>=91,"A",IF(BN7>=81,"B+",IF(BN7>=70,"B",IF(BN7>=65,"C+",IF(BN7>=60,"C",IF(BN7>=55,"D+",IF(BN7>=50,"D","F"))))))) | BQ7: =ROUND((AN7*3+AQ7*2+AT7*1+AW7*2+AZ7*1+BC7*1+BF7*2+BI7*2+BL7*2+BO7*3)/19, 2) | BR7: 87 | BS7: =IF(BR7>90,"4.00",IF(BR7>80,"3.50",IF(BR7>69,"3.00",IF(BR7>64,"2.50",IF(BR7>59,"2.00",IF(BR7>54,"1.50",IF(BR7>49,"1.00","0.00"))))))) -> 3.50 | BT7: =IF(BR7>90,"A",IF(BR7>80,"B+",IF(BR7>69,"B",IF(BR7>64,"C+",IF(BR7>59,"C",IF(BR7>54,"D+",IF(BR7>49,"D",IF(BR7>=0,"F")))))))) -> B+ | BU7: 77 | BV7: =IF(BU7>90,"4.00",IF(BU7>80,"3.50",IF(BU7>69,"3.00",IF(BU7>64,"2.50",IF(BU7>59,"2.00",IF(BU7>54,"1.50",IF(BU7>49,"1.00","0.00"))))))) -> 3.00 | BW7: =IF(BU7>90,"A",IF(BU7>80,"B+",IF(BU7>69,"B",IF(BU7>64,"C+",IF(BU7>59,"C",IF(BU7>54,"D+",IF(BU7>49,"D",IF(BU7>=0,"F")))))))) -> B | BX7: =(AX7*3+BA7*2+BD7*1+BG7*2+BJ7*1+BM7*1+BP7*2+BS7*2+BV7*2)/(3+2+1+2+1+1+2+2+2) -> 3.75 | BY7: =(AL7+BX7)/2 -> 3.5367647 | BZ7: =RANK(BY7,$BY$7:BY32) -> 1
A8: 2 | B8: 125Q0009/23 | C8: ນາງ | D8: ກັນລະຍາ | E8: ໃບຫຼວງລາດ | F8: Ms.Kunlaya | G8: BAILUANELATH | H8: 37683 | I8: ຄຳມ່ວນ | J8: 1 | K8: 50 | L8: =IF(K8>=91, 4.00, IF(K8>=81, 3.50, IF(K8>=70, 3.00, IF(K8>=65, 2.50, IF(K8>=60, 2.00, IF(K8>=55, 1.50, IF(K8>=50, 1.00, 0.00))))))) | M8: =IF(K8>=91,"A",IF(K8>=81,"B+",IF(K8>=70,"B",IF(K8>=65,"C+",IF(K8>=60,"C",IF(K8>=55,"D+",IF(K8>=50,"D","F"))))))) | N8: 79 | O8: =IF(N8>=91, 4.00, IF(N8>=81, 3.50, IF(N8>=70, 3.00, IF(N8>=65, 2.50, IF(N8>=60, 2.00, IF(N8>=55, 1.50, IF(N8>=50, 1.00, 0.00))))))) | P8: =IF(N8>=91,"A",IF(N8>=81,"B+",IF(N8>=70,"B",IF(N8>=65,"C+",IF(N8>=60,"C",IF(N8>=55,"D+",IF(N8>=50,"D","F"))))))) | Q8: 90 | R8: =IF(Q8>=91, 4.00, IF(Q8>=81, 3.50, IF(Q8>=70, 3.00, IF(Q8>=65, 2.50, IF(Q8>=60, 2.00, IF(Q8>=55, 1.50, IF(Q8>=50, 1.00, 0.00))))))) | S8: =IF(Q8>=91,"A",IF(Q8>=81,"B+",IF(Q8>=70,"B",IF(Q8>=65,"C+",IF(Q8>=60,"C",IF(Q8>=55,"D+",IF(Q8>=50,"D","F"))))))) | T8: 56 | U8: =IF(T8>=91, 4.00, IF(T8>=81, 3.50, IF(T8>=70, 3.00, IF(T8>=65, 2.50, IF(T8>=60, 2.00, IF(T8>=55, 1.50, IF(T8>=50, 1.00, 0.00))))))) | V8: =IF(T8>=91,"A",IF(T8>=81,"B+",IF(T8>=70,"B",IF(T8>=65,"C+",IF(T8>=60,"C",IF(T8>=55,"D+",IF(T8>=50,"D","F"))))))) | W8: 35 | X8: =IF(W8>=91, 4.00, IF(W8>=81, 3.50, IF(W8>=70, 3.00, IF(W8>=65, 2.50, IF(W8>=60, 2.00, IF(W8>=55, 1.50, IF(W8>=50, 1.00, 0.00))))))) | Y8: =IF(W8>=91,"A",IF(W8>=81,"B+",IF(W8>=70,"B",IF(W8>=65,"C+",IF(W8>=60,"C",IF(W8>=55,"D+",IF(W8>=50,"D","F"))))))) | Z8: 87.77 | AA8: =IF(Z8>=91, 4.00, IF(Z8>=81, 3.50, IF(Z8>=70, 3.00, IF(Z8>=65, 2.50, IF(Z8>=60, 2.00, IF(Z8>=55, 1.50, IF(Z8>=50, 1.00, 0.00))))))) | AB8: =IF(Z8>=91,"A",IF(Z8>=81,"B+",IF(Z8>=70,"B",IF(Z8>=65,"C+",IF(Z8>=60,"C",IF(Z8>=55,"D+",IF(Z8>=50,"D","F"))))))) | AC8: 75 | AD8: =IF(AC8>=91, 4.00, IF(AC8>=81, 3.50, IF(AC8>=70, 3.00, IF(AC8>=65, 2.50, IF(AC8>=60, 2.00, IF(AC8>=55, 1.50, IF(AC8>=50, 1.00, 0.00))))))) | AE8: =IF(AC8>=91,"A",IF(AC8>=81,"B+",IF(AC8>=70,"B",IF(AC8>=65,"C+",IF(AC8>=60,"C",IF(AC8>=55,"D+",IF(AC8>=50,"D","F"))))))) | AF8: 75 | AG8: =IF(AF8>=91, 4.00, IF(AF8>=81, 3.50, IF(AF8>=70, 3.00, IF(AF8>=65, 2.50, IF(AF8>=60, 2.00, IF(AF8>=55, 1.50, IF(AF8>=50, 1.00, 0.00))))))) | AH8: =IF(AF8>=91,"A",IF(AF8>=81,"B+",IF(AF8>=70,"B",IF(AF8>=65,"C+",IF(AF8>=60,"C",IF(AF8>=55,"D+",IF(AF8>=50,"D","F"))))))) | AI8: 82 | AJ8: =IF(AI8>=91, 4.00, IF(AI8>=81, 3.50, IF(AI8>=70, 3.00, IF(AI8>=65, 2.50, IF(AI8>=60, 2.00, IF(AI8>=55, 1.50, IF(AI8>=50, 1.00, 0.00))))))) | AK8: =IF(AI8>=91,"A",IF(AI8>=81,"B+",IF(AI8>=70,"B",IF(AI8>=65,"C+",IF(AI8>=60,"C",IF(AI8>=55,"D+",IF(AI8>=50,"D","F"))))))) | AL8: =ROUND((L8*3+O8*2+R8*1+U8*2+X8*1+AA8*2+AD8*2+AG8*2+AJ8*2)/17, 2) | AM8: 75 | AN8: =IF(AM8>=91, 4.00, IF(AM8>=81, 3.50, IF(AM8>=70, 3.00, IF(AM8>=65, 2.50, IF(AM8>=60, 2.00, IF(AM8>=55, 1.50, IF(AM8>=50, 1.00, 0.00))))))) | AO8: =IF(AM8>=91,"A",IF(AM8>=81,"B+",IF(AM8>=70,"B",IF(AM8>=65,"C+",IF(AM8>=60,"C",IF(AM8>=55,"D+",IF(AM8>=50,"D","F"))))))) | AP8: ນາງ | AQ8: =IF(AP8>=91, 4.00, IF(AP8>=81, 3.50, IF(AP8>=70, 3.00, IF(AP8>=65, 2.50, IF(AP8>=60, 2.00, IF(AP8>=55, 1.50, IF(AP8>=50, 1.00, 0.00))))))) | AR8: =IF(AP8>=91,"A",IF(AP8>=81,"B+",IF(AP8>=70,"B",IF(AP8>=65,"C+",IF(AP8>=60,"C",IF(AP8>=55,"D+",IF(AP8>=50,"D","F"))))))) | AS8: Ms.Kunlaya | AT8: =IF(AS8>=91, 4.00, IF(AS8>=81, 3.50, IF(AS8>=70, 3.00, IF(AS8>=65, 2.50, IF(AS8>=60, 2.00, IF(AS8>=55, 1.50, IF(AS8>=50, 1.00, 0.00))))))) | AU8: =IF(AS8>=91,"A",IF(AS8>=81,"B+",IF(AS8>=70,"B",IF(AS8>=65,"C+",IF(AS8>=60,"C",IF(AS8>=55,"D+",IF(AS8>=50,"D","F"))))))) | AV8: ຄຳມ່ວນ | AW8: =IF(AV8>=91, 4.00, IF(AV8>=81, 3.50, IF(AV8>=70, 3.00, IF(AV8>=65, 2.50, IF(AV8>=60, 2.00, IF(AV8>=55, 1.50, IF(AV8>=50, 1.00, 0.00))))))) | AX8: =IF(AV8>=91,"A",IF(AV8>=81,"B+",IF(AV8>=70,"B",IF(AV8>=65,"C+",IF(AV8>=60,"C",IF(AV8>=55,"D+",IF(AV8>=50,"D","F"))))))) | AY8: =IF(AW8>90,"A",IF(AW8>80,"B+",IF(AW8>69,"B",IF(AW8>64,"C+",IF(AW8>59,"C",IF(AW8>54,"D+",IF(AW8>49,"D",IF(AW8>=0,"F")))))))) -> C+ | AZ8: =IF(AY8>=91, 4.00, IF(AY8>=81, 3.50, IF(AY8>=70, 3.00, IF(AY8>=65, 2.50, IF(AY8>=60, 2.00, IF(AY8>=55, 1.50, IF(AY8>=50, 1.00, 0.00))))))) | BA8: =IF(AY8>=91,"A",IF(AY8>=81,"B+",IF(AY8>=70,"B",IF(AY8>=65,"C+",IF(AY8>=60,"C",IF(AY8>=55,"D+",IF(AY8>=50,"D","F"))))))) | BB8: =IF(AZ8>90,"A",IF(AZ8>80,"B+",IF(AZ8>69,"B",IF(AZ8>64,"C+",IF(AZ8>59,"C",IF(AZ8>54,"D+",IF(AZ8>49,"D",IF(AZ8>=0,"F")))))))) -> B | BC8: =IF(BB8>=91, 4.00, IF(BB8>=81, 3.50, IF(BB8>=70, 3.00, IF(BB8>=65, 2.50, IF(BB8>=60, 2.00, IF(BB8>=55, 1.50, IF(BB8>=50, 1.00, 0.00))))))) | BD8: =IF(BB8>=91,"A",IF(BB8>=81,"B+",IF(BB8>=70,"B",IF(BB8>=65,"C+",IF(BB8>=60,"C",IF(BB8>=55,"D+",IF(BB8>=50,"D","F"))))))) | BE8: =IF(BC8>90,"A",IF(BC8>80,"B+",IF(BC8>69,"B",IF(BC8>64,"C+",IF(BC8>59,"C",IF(BC8>54,"D+",IF(BC8>49,"D",IF(BC8>=0,"F")))))))) -> B | BF8: =IF(BE8>=91, 4.00, IF(BE8>=81, 3.50, IF(BE8>=70, 3.00, IF(BE8>=65, 2.50, IF(BE8>=60, 2.00, IF(BE8>=55, 1.50, IF(BE8>=50, 1.00, 0.00))))))) | BG8: =IF(BE8>=91,"A",IF(BE8>=81,"B+",IF(BE8>=70,"B",IF(BE8>=65,"C+",IF(BE8>=60,"C",IF(BE8>=55,"D+",IF(BE8>=50,"D","F"))))))) | BH8: =IF(BF8>90,"A",IF(BF8>80,"B+",IF(BF8>69,"B",IF(BF8>64,"C+",IF(BF8>59,"C",IF(BF8>54,"D+",IF(BF8>49,"D",IF(BF8>=0,"F")))))))) -> C+ | BI8: =IF(BH8>=91, 4.00, IF(BH8>=81, 3.50, IF(BH8>=70, 3.00, IF(BH8>=65, 2.50, IF(BH8>=60, 2.00, IF(BH8>=55, 1.50, IF(BH8>=50, 1.00, 0.00))))))) | BJ8: =IF(BH8>=91,"A",IF(BH8>=81,"B+",IF(BH8>=70,"B",IF(BH8>=65,"C+",IF(BH8>=60,"C",IF(BH8>=55,"D+",IF(BH8>=50,"D","F"))))))) | BK8: =IF(BI8>90,"A",IF(BI8>80,"B+",IF(BI8>69,"B",IF(BI8>64,"C+",IF(BI8>59,"C",IF(BI8>54,"D+",IF(BI8>49,"D",IF(BI8>=0,"F")))))))) -> B+ | BL8: =IF(BK8>=91, 4.00, IF(BK8>=81, 3.50, IF(BK8>=70, 3.00, IF(BK8>=65, 2.50, IF(BK8>=60, 2.00, IF(BK8>=55, 1.50, IF(BK8>=50, 1.00, 0.00))))))) | BM8: =IF(BK8>=91,"A",IF(BK8>=81,"B+",IF(BK8>=70,"B",IF(BK8>=65,"C+",IF(BK8>=60,"C",IF(BK8>=55,"D+",IF(BK8>=50,"D","F"))))))) | BN8: =IF(BL8>90,"A",IF(BL8>80,"B+",IF(BL8>69,"B",IF(BL8>64,"C+",IF(BL8>59,"C",IF(BL8>54,"D+",IF(BL8>49,"D",IF(BL8>=0,"F")))))))) -> B | BO8: =IF(BN8>=91, 4.00, IF(BN8>=81, 3.50, IF(BN8>=70, 3.00, IF(BN8>=65, 2.50, IF(BN8>=60, 2.00, IF(BN8>=55, 1.50, IF(BN8>=50, 1.00, 0.00))))))) | BP8: =IF(BN8>=91,"A",IF(BN8>=81,"B+",IF(BN8>=70,"B",IF(BN8>=65,"C+",IF(BN8>=60,"C",IF(BN8>=55,"D+",IF(BN8>=50,"D","F"))))))) | BQ8: =ROUND((AN8*3+AQ8*2+AT8*1+AW8*2+AZ8*1+BC8*1+BF8*2+BI8*2+BL8*2+BO8*3)/19, 2) | BR8: 68 | BS8: =IF(BR8>90,"4.00",IF(BR8>80,"3.50",IF(BR8>69,"3.00",IF(BR8>64,"2.50",IF(BR8>59,"2.00",IF(BR8>54,"1.50",IF(BR8>49,"1.00","0.00"))))))) -> 2.50 | BT8: =IF(BR8>90,"A",IF(BR8>80,"B+",IF(BR8>69,"B",IF(BR8>64,"C+",IF(BR8>59,"C",IF(BR8>54,"D+",IF(BR8>49,"D",IF(BR8>=0,"F")))))))) -> C+ | BU8: 77 | BV8: =IF(BU8>90,"4.00",IF(BU8>80,"3.50",IF(BU8>69,"3.00",IF(BU8>64,"2.50",IF(BU8>59,"2.00",IF(BU8>54,"1.50",IF(BU8>49,"1.00","0.00"))))))) -> 3.00 | BW8: =IF(BU8>90,"A",IF(BU8>80,"B+",IF(BU8>69,"B",IF(BU8>64,"C+",IF(BU8>59,"C",IF(BU8>54,"D+",IF(BU8>49,"D",IF(BU8>=0,"F")))))))) -> B | BX8: =(AX8*3+BA8*2+BD8*1+BG8*2+BJ8*1+BM8*1+BP8*2+BS8*2+BV8*2)/(3+2+1+2+1+1+2+2+2) -> 2.8125 | BY8: =(AL8+BX8)/2 -> 2.5238971 | BZ8: =RANK(BY8,$BY$7:BY38) -> 15
A9: 3 | B9: 125Q0031/23 | C9: ທ້າວ | D9: ມົວຈີລໍ່ | E9: ໄຟຈົງ | F9: Mr.Mouacheelor | G9: FAICHONG | J9: 1 | K9: 0 | L9: =IF(K9>=91, 4.00, IF(K9>=81, 3.50, IF(K9>=70, 3.00, IF(K9>=65, 2.50, IF(K9>=60, 2.00, IF(K9>=55, 1.50, IF(K9>=50, 1.00, 0.00))))))) | M9: =IF(K9>=91,"A",IF(K9>=81,"B+",IF(K9>=70,"B",IF(K9>=65,"C+",IF(K9>=60,"C",IF(K9>=55,"D+",IF(K9>=50,"D","F"))))))) | N9: 27 | O9: =IF(N9>=91, 4.00, IF(N9>=81, 3.50, IF(N9>=70, 3.00, IF(N9>=65, 2.50, IF(N9>=60, 2.00, IF(N9>=55, 1.50, IF(N9>=50, 1.00, 0.00))))))) | P9: =IF(N9>=91,"A",IF(N9>=81,"B+",IF(N9>=70,"B",IF(N9>=65,"C+",IF(N9>=60,"C",IF(N9>=55,"D+",IF(N9>=50,"D","F"))))))) | Q9: 28 | R9: =IF(Q9>=91, 4.00, IF(Q9>=81, 3.50, IF(Q9>=70, 3.00, IF(Q9>=65, 2.50, IF(Q9>=60, 2.00, IF(Q9>=55, 1.50, IF(Q9>=50, 1.00, 0.00))))))) | S9: =IF(Q9>=91,"A",IF(Q9>=81,"B+",IF(Q9>=70,"B",IF(Q9>=65,"C+",IF(Q9>=60,"C",IF(Q9>=55,"D+",IF(Q9>=50,"D","F"))))))) | T9: 0 | U9: =IF(T9>=91, 4.00, IF(T9>=81, 3.50, IF(T9>=70, 3.00, IF(T9>=65, 2.50, IF(T9>=60, 2.00, IF(T9>=55, 1.50, IF(T9>=50, 1.00, 0.00))))))) | V9: =IF(T9>=91,"A",IF(T9>=81,"B+",IF(T9>=70,"B",IF(T9>=65,"C+",IF(T9>=60,"C",IF(T9>=55,"D+",IF(T9>=50,"D","F"))))))) | W9: 0 | X9: =IF(W9>=91, 4.00, IF(W9>=81, 3.50, IF(W9>=70, 3.00, IF(W9>=65, 2.50, IF(W9>=60, 2.00, IF(W9>=55, 1.50, IF(W9>=50, 1.00, 0.00))))))) | Y9: =IF(W9>=91,"A",IF(W9>=81,"B+",IF(W9>=70,"B",IF(W9>=65,"C+",IF(W9>=60,"C",IF(W9>=55,"D+",IF(W9>=50,"D","F"))))))) | Z9: 12.29 | AA9: =IF(Z9>=91, 4.00, IF(Z9>=81, 3.50, IF(Z9>=70, 3.00, IF(Z9>=65, 2.50, IF(Z9>=60, 2.00, IF(Z9>=55, 1.50, IF(Z9>=50, 1.00, 0.00))))))) | AB9: =IF(Z9>=91,"A",IF(Z9>=81,"B+",IF(Z9>=70,"B",IF(Z9>=65,"C+",IF(Z9>=60,"C",IF(Z9>=55,"D+",IF(Z9>=50,"D","F"))))))) | AC9: 28 | AD9: =IF(AC9>=91, 4.00, IF(AC9>=81, 3.50, IF(AC9>=70, 3.00, IF(AC9>=65, 2.50, IF(AC9>=60, 2.00, IF(AC9>=55, 1.50, IF(AC9>=50, 1.00, 0.00))))))) | AE9: =IF(AC9>=91,"A",IF(AC9>=81,"B+",IF(AC9>=70,"B",IF(AC9>=65,"C+",IF(AC9>=60,"C",IF(AC9>=55,"D+",IF(AC9>=50,"D","F"))))))) | AF9: 27 | AG9: =IF(AF9>=91, 4.00, IF(AF9>=81, 3.50, IF(AF9>=70, 3.00, IF(AF9>=65, 2.50, IF(AF9>=60, 2.00, IF(AF9>=55, 1.50, IF(AF9>=50, 1.00, 0.00))))))) | AH9: =IF(AF9>=91,"A",IF(AF9>=81,"B+",IF(AF9>=70,"B",IF(AF9>=65,"C+",IF(AF9>=60,"C",IF(AF9>=55,"D+",IF(AF9>=50,"D","F"))))))) | AI9: 83 | AJ9: =IF(AI9>=91, 4.00, IF(AI9>=81, 3.50, IF(AI9>=70, 3.00, IF(AI9>=65, 2.50, IF(AI9>=60, 2.00, IF(AI9>=55, 1.50, IF(AI9>=50, 1.00, 0.00))))))) | AK9: =IF(AI9>=91,"A",IF(AI9>=81,"B+",IF(AI9>=70,"B",IF(AI9>=65,"C+",IF(AI9>=60,"C",IF(AI9>=55,"D+",IF(AI9>=50,"D","F"))))))) | AL9: =ROUND((L9*3+O9*2+R9*1+U9*2+X9*1+AA9*2+AD9*2+AG9*2+AJ9*2)/17, 2) | AM9: 78 | AN9: =IF(AM9>=91, 4.00, IF(AM9>=81, 3.50, IF(AM9>=70, 3.00, IF(AM9>=65, 2.50, IF(AM9>=60, 2.00, IF(AM9>=55, 1.50, IF(AM9>=50, 1.00, 0.00))))))) | AO9: =IF(AM9>=91,"A",IF(AM9>=81,"B+",IF(AM9>=70,"B",IF(AM9>=65,"C+",IF(AM9>=60,"C",IF(AM9>=55,"D+",IF(AM9>=50,"D","F"))))))) | AP9: ທ້າວ | AQ9: =IF(AP9>=91, 4.00, IF(AP9>=81, 3.50, IF(AP9>=70, 3.00, IF(AP9>=65, 2.50, IF(AP9>=60, 2.00, IF(AP9>=55, 1.50, IF(AP9>=50, 1.00, 0.00))))))) | AR9: =IF(AP9>=91,"A",IF(AP9>=81,"B+",IF(AP9>=70,"B",IF(AP9>=65,"C+",IF(AP9>=60,"C",IF(AP9>=55,"D+",IF(AP9>=50,"D","F"))))))) | AS9: Mr.Mouacheelor | AT9: =IF(AS9>=91, 4.00, IF(AS9>=81, 3.50, IF(AS9>=70, 3.00, IF(AS9>=65, 2.50, IF(AS9>=60, 2.00, IF(AS9>=55, 1.50, IF(AS9>=50, 1.00, 0.00))))))) | AU9: =IF(AS9>=91,"A",IF(AS9>=81,"B+",IF(AS9>=70,"B",IF(AS9>=65,"C+",IF(AS9>=60,"C",IF(AS9>=55,"D+",IF(AS9>=50,"D","F"))))))) | AV9: 87 | AW9: =IF(AV9>=91, 4.00, IF(AV9>=81, 3.50, IF(AV9>=70, 3.00, IF(AV9>=65, 2.50, IF(AV9>=60, 2.00, IF(AV9>=55, 1.50, IF(AV9>=50, 1.00, 0.00))))))) | AX9: =IF(AV9>=91,"A",IF(AV9>=81,"B+",IF(AV9>=70,"B",IF(AV9>=65,"C+",IF(AV9>=60,"C",IF(AV9>=55,"D+",IF(AV9>=50,"D","F"))))))) | AY9: =IF(AW9>90,"A",IF(AW9>80,"B+",IF(AW9>69,"B",IF(AW9>64,"C+",IF(AW9>59,"C",IF(AW9>54,"D+",IF(AW9>49,"D",IF(AW9>=0,"F")))))))) -> F | AZ9: =IF(AY9>=91, 4.00, IF(AY9>=81, 3.50, IF(AY9>=70, 3.00, IF(AY9>=65, 2.50, IF(AY9>=60, 2.00, IF(AY9>=55, 1.50, IF(AY9>=50, 1.00, 0.00))))))) | BA9: =IF(AY9>=91,"A",IF(AY9>=81,"B+",IF(AY9>=70,"B",IF(AY9>=65,"C+",IF(AY9>=60,"C",IF(AY9>=55,"D+",IF(AY9>=50,"D","F"))))))) | BB9: =IF(AZ9>90,"A",IF(AZ9>80,"B+",IF(AZ9>69,"B",IF(AZ9>64,"C+",IF(AZ9>59,"C",IF(AZ9>54,"D+",IF(AZ9>49,"D",IF(AZ9>=0,"F")))))))) -> F | BC9: =IF(BB9>=91, 4.00, IF(BB9>=81, 3.50, IF(BB9>=70, 3.00, IF(BB9>=65, 2.50, IF(BB9>=60, 2.00, IF(BB9>=55, 1.50, IF(BB9>=50, 1.00, 0.00))))))) | BD9: =IF(BB9>=91,"A",IF(BB9>=81,"B+",IF(BB9>=70,"B",IF(BB9>=65,"C+",IF(BB9>=60,"C",IF(BB9>=55,"D+",IF(BB9>=50,"D","F"))))))) | BE9: =IF(BC9>90,"A",IF(BC9>80,"B+",IF(BC9>69,"B",IF(BC9>64,"C+",IF(BC9>59,"C",IF(BC9>54,"D+",IF(BC9>49,"D",IF(BC9>=0,"F")))))))) -> F | BF9: =IF(BE9>=91, 4.00, IF(BE9>=81, 3.50, IF(BE9>=70, 3.00, IF(BE9>=65, 2.50, IF(BE9>=60, 2.00, IF(BE9>=55, 1.50, IF(BE9>=50, 1.00, 0.00))))))) | BG9: =IF(BE9>=91,"A",IF(BE9>=81,"B+",IF(BE9>=70,"B",IF(BE9>=65,"C+",IF(BE9>=60,"C",IF(BE9>=55,"D+",IF(BE9>=50,"D","F"))))))) | BH9: =IF(BF9>90,"A",IF(BF9>80,"B+",IF(BF9>69,"B",IF(BF9>64,"C+",IF(BF9>59,"C",IF(BF9>54,"D+",IF(BF9>49,"D",IF(BF9>=0,"F")))))))) -> F | BI9: =IF(BH9>=91, 4.00, IF(BH9>=81, 3.50, IF(BH9>=70, 3.00, IF(BH9>=65, 2.50, IF(BH9>=60, 2.00, IF(BH9>=55, 1.50, IF(BH9>=50, 1.00, 0.00))))))) | BJ9: =IF(BH9>=91,"A",IF(BH9>=81,"B+",IF(BH9>=70,"B",IF(BH9>=65,"C+",IF(BH9>=60,"C",IF(BH9>=55,"D+",IF(BH9>=50,"D","F"))))))) | BK9: =IF(BI9>90,"A",IF(BI9>80,"B+",IF(BI9>69,"B",IF(BI9>64,"C+",IF(BI9>59,"C",IF(BI9>54,"D+",IF(BI9>49,"D",IF(BI9>=0,"F")))))))) -> F | BL9: =IF(BK9>=91, 4.00, IF(BK9>=81, 3.50, IF(BK9>=70, 3.00, IF(BK9>=65, 2.50, IF(BK9>=60, 2.00, IF(BK9>=55, 1.50, IF(BK9>=50, 1.00, 0.00))))))) | BM9: =IF(BK9>=91,"A",IF(BK9>=81,"B+",IF(BK9>=70,"B",IF(BK9>=65,"C+",IF(BK9>=60,"C",IF(BK9>=55,"D+",IF(BK9>=50,"D","F"))))))) | BN9: =IF(BL9>90,"A",IF(BL9>80,"B+",IF(BL9>69,"B",IF(BL9>64,"C+",IF(BL9>59,"C",IF(BL9>54,"D+",IF(BL9>49,"D",IF(BL9>=0,"F")))))))) -> F | BO9: =IF(BN9>=91, 4.00, IF(BN9>=81, 3.50, IF(BN9>=70, 3.00, IF(BN9>=65, 2.50, IF(BN9>=60, 2.00, IF(BN9>=55, 1.50, IF(BN9>=50, 1.00, 0.00))))))) | BP9: =IF(BN9>=91,"A",IF(BN9>=81,"B+",IF(BN9>=70,"B",IF(BN9>=65,"C+",IF(BN9>=60,"C",IF(BN9>=55,"D+",IF(BN9>=50,"D","F"))))))) | BQ9: =ROUND((AN9*3+AQ9*2+AT9*1+AW9*2+AZ9*1+BC9*1+BF9*2+BI9*2+BL9*2+BO9*3)/19, 2) | BS9: =IF(BR9>90,"4.00",IF(BR9>80,"3.50",IF(BR9>69,"3.00",IF(BR9>64,"2.50",IF(BR9>59,"2.00",IF(BR9>54,"1.50",IF(BR9>49,"1.00","0.00"))))))) -> 0.00 | BT9: =IF(BR9>90,"A",IF(BR9>80,"B+",IF(BR9>69,"B",IF(BR9>64,"C+",IF(BR9>59,"C",IF(BR9>54,"D+",IF(BR9>49,"D",IF(BR9>=0,"F")))))))) -> F | BV9: =IF(BU9>90,"4.00",IF(BU9>80,"3.50",IF(BU9>69,"3.00",IF(BU9>64,"2.50",IF(BU9>59,"2.00",IF(BU9>54,"1.50",IF(BU9>49,"1.00","0.00"))))))) -> 0.00 | BW9: =IF(BU9>90,"A",IF(BU9>80,"B+",IF(BU9>69,"B",IF(BU9>64,"C+",IF(BU9>59,"C",IF(BU9>54,"D+",IF(BU9>49,"D",IF(BU9>=0,"F")))))))) -> F | BX9: =(AX9*3+BA9*2+BD9*1+BG9*2+BJ9*1+BM9*1+BP9*2+BS9*2+BV9*2)/(3+2+1+2+1+1+2+2+2) -> 0 | BY9: =(AL9+BX9)/2 -> 0.20588235 | BZ9: =RANK(BY9,$BY$7:BY39) -> 30
A10: 4 | B10: 125Q0041/23 | C10: ນາງ | D10: ເຊຍນາຢ່າງ | E10: ຊາວາ | F10: Ms.Xianayang | G10: ZAVA | H10: 21/12/2006 | I10: ໄຊສົມບູນ | J10: 1 | K10: 37 | L10: =IF(K10>=91, 4.00, IF(K10>=81, 3.50, IF(K10>=70, 3.00, IF(K10>=65, 2.50, IF(K10>=60, 2.00, IF(K10>=55, 1.50, IF(K10>=50, 1.00, 0.00))))))) | M10: =IF(K10>=91,"A",IF(K10>=81,"B+",IF(K10>=70,"B",IF(K10>=65,"C+",IF(K10>=60,"C",IF(K10>=55,"D+",IF(K10>=50,"D","F"))))))) | N10: 57 | O10: =IF(N10>=91, 4.00, IF(N10>=81, 3.50, IF(N10>=70, 3.00, IF(N10>=65, 2.50, IF(N10>=60, 2.00, IF(N10>=55, 1.50, IF(N10>=50, 1.00, 0.00))))))) | P10: =IF(N10>=91,"A",IF(N10>=81,"B+",IF(N10>=70,"B",IF(N10>=65,"C+",IF(N10>=60,"C",IF(N10>=55,"D+",IF(N10>=50,"D","F"))))))) | Q10: 87 | R10: =IF(Q10>=91, 4.00, IF(Q10>=81, 3.50, IF(Q10>=70, 3.00, IF(Q10>=65, 2.50, IF(Q10>=60, 2.00, IF(Q10>=55, 1.50, IF(Q10>=50, 1.00, 0.00))))))) | S10: =IF(Q10>=91,"A",IF(Q10>=81,"B+",IF(Q10>=70,"B",IF(Q10>=65,"C+",IF(Q10>=60,"C",IF(Q10>=55,"D+",IF(Q10>=50,"D","F"))))))) | T10: 48 | U10: =IF(T10>=91, 4.00, IF(T10>=81, 3.50, IF(T10>=70, 3.00, IF(T10>=65, 2.50, IF(T10>=60, 2.00, IF(T10>=55, 1.50, IF(T10>=50, 1.00, 0.00))))))) | V10: =IF(T10>=91,"A",IF(T10>=81,"B+",IF(T10>=70,"B",IF(T10>=65,"C+",IF(T10>=60,"C",IF(T10>=55,"D+",IF(T10>=50,"D","F"))))))) | W10: 29 | X10: =IF(W10>=91, 4.00, IF(W10>=81, 3.50, IF(W10>=70, 3.00, IF(W10>=65, 2.50, IF(W10>=60, 2.00, IF(W10>=55, 1.50, IF(W10>=50, 1.00, 0.00))))))) | Y10: =IF(W10>=91,"A",IF(W10>=81,"B+",IF(W10>=70,"B",IF(W10>=65,"C+",IF(W10>=60,"C",IF(W10>=55,"D+",IF(W10>=50,"D","F"))))))) | Z10: 82.64 | AA10: =IF(Z10>=91, 4.00, IF(Z10>=81, 3.50, IF(Z10>=70, 3.00, IF(Z10>=65, 2.50, IF(Z10>=60, 2.00, IF(Z10>=55, 1.50, IF(Z10>=50, 1.00, 0.00))))))) | AB10: =IF(Z10>=91,"A",IF(Z10>=81,"B+",IF(Z10>=70,"B",IF(Z10>=65,"C+",IF(Z10>=60,"C",IF(Z10>=55,"D+",IF(Z10>=50,"D","F"))))))) | AC10: 58.25 | AD10: =IF(AC10>=91, 4.00, IF(AC10>=81, 3.50, IF(AC10>=70, 3.00, IF(AC10>=65, 2.50, IF(AC10>=60, 2.00, IF(AC10>=55, 1.50, IF(AC10>=50, 1.00, 0.00))))))) | AE10: =IF(AC10>=91,"A",IF(AC10>=81,"B+",IF(AC10>=70,"B",IF(AC10>=65,"C+",IF(AC10>=60,"C",IF(AC10>=55,"D+",IF(AC10>=50,"D","F"))))))) | AF10: 70 | AG10: =IF(AF10>=91, 4.00, IF(AF10>=81, 3.50, IF(AF10>=70, 3.00, IF(AF10>=65, 2.50, IF(AF10>=60, 2.00, IF(AF10>=55, 1.50, IF(AF10>=50, 1.00, 0.00))))))) | AH10: =IF(AF10>=91,"A",IF(AF10>=81,"B+",IF(AF10>=70,"B",IF(AF10>=65,"C+",IF(AF10>=60,"C",IF(AF10>=55,"D+",IF(AF10>=50,"D","F"))))))) | AI10: 84 | AJ10: =IF(AI10>=91, 4.00, IF(AI10>=81, 3.50, IF(AI10>=70, 3.00, IF(AI10>=65, 2.50, IF(AI10>=60, 2.00, IF(AI10>=55, 1.50, IF(AI10>=50, 1.00, 0.00))))))) | AK10: =IF(AI10>=91,"A",IF(AI10>=81,"B+",IF(AI10>=70,"B",IF(AI10>=65,"C+",IF(AI10>=60,"C",IF(AI10>=55,"D+",IF(AI10>=50,"D","F"))))))) | AL10: =ROUND((L10*3+O10*2+R10*1+U10*2+X10*1+AA10*2+AD10*2+AG10*2+AJ10*2)/17, 2) | AM10: 81 | AN10: =IF(AM10>=91, 4.00, IF(AM10>=81, 3.50, IF(AM10>=70, 3.00, IF(AM10>=65, 2.50, IF(AM10>=60, 2.00, IF(AM10>=55, 1.50, IF(AM10>=50, 1.00, 0.00))))))) | AO10: =IF(AM10>=91,"A",IF(AM10>=81,"B+",IF(AM10>=70,"B",IF(AM10>=65,"C+",IF(AM10>=60,"C",IF(AM10>=55,"D+",IF(AM10>=50,"D","F"))))))) | AP10: ນາງ | AQ10: =IF(AP10>=91, 4.00, IF(AP10>=81, 3.50, IF(AP10>=70, 3.00, IF(AP10>=65, 2.50, IF(AP10>=60, 2.00, IF(AP10>=55, 1.50, IF(AP10>=50, 1.00, 0.00))))))) | AR10: =IF(AP10>=91,"A",IF(AP10>=81,"B+",IF(AP10>=70,"B",IF(AP10>=65,"C+",IF(AP10>=60,"C",IF(AP10>=55,"D+",IF(AP10>=50,"D","F"))))))) | AS10: Ms.Xianayang | AT10: =IF(AS10>=91, 4.00, IF(AS10>=81, 3.50, IF(AS10>=70, 3.00, IF(AS10>=65, 2.50, IF(AS10>=60, 2.00, IF(AS10>=55, 1.50, IF(AS10>=50, 1.00, 0.00))))))) | AU10: =IF(AS10>=91,"A",IF(AS10>=81,"B+",IF(AS10>=70,"B",IF(AS10>=65,"C+",IF(AS10>=60,"C",IF(AS10>=55,"D+",IF(AS10>=50,"D","F"))))))) | AV10: ໄຊສົມບູນ | AW10: =IF(AV10>=91, 4.00, IF(AV10>=81, 3.50, IF(AV10>=70, 3.00, IF(AV10>=65, 2.50, IF(AV10>=60, 2.00, IF(AV10>=55, 1.50, IF(AV10>=50, 1.00, 0.00))))))) | AX10: =IF(AV10>=91,"A",IF(AV10>=81,"B+",IF(AV10>=70,"B",IF(AV10>=65,"C+",IF(AV10>=60,"C",IF(AV10>=55,"D+",IF(AV10>=50,"D","F"))))))) | AY10: =IF(AW10>90,"A",IF(AW10>80,"B+",IF(AW10>69,"B",IF(AW10>64,"C+",IF(AW10>59,"C",IF(AW10>54,"D+",IF(AW10>49,"D",IF(AW10>=0,"F")))))))) -> B | AZ10: =IF(AY10>=91, 4.00, IF(AY10>=81, 3.50, IF(AY10>=70, 3.00, IF(AY10>=65, 2.50, IF(AY10>=60, 2.00, IF(AY10>=55, 1.50, IF(AY10>=50, 1.00, 0.00))))))) | BA10: =IF(AY10>=91,"A",IF(AY10>=81,"B+",IF(AY10>=70,"B",IF(AY10>=65,"C+",IF(AY10>=60,"C",IF(AY10>=55,"D+",IF(AY10>=50,"D","F"))))))) | BB10: =IF(AZ10>90,"A",IF(AZ10>80,"B+",IF(AZ10>69,"B",IF(AZ10>64,"C+",IF(AZ10>59,"C",IF(AZ10>54,"D+",IF(AZ10>49,"D",IF(AZ10>=0,"F")))))))) -> C | BC10: =IF(BB10>=91, 4.00, IF(BB10>=81, 3.50, IF(BB10>=70, 3.00, IF(BB10>=65, 2.50, IF(BB10>=60, 2.00, IF(BB10>=55, 1.50, IF(BB10>=50, 1.00, 0.00))))))) | BD10: =IF(BB10>=91,"A",IF(BB10>=81,"B+",IF(BB10>=70,"B",IF(BB10>=65,"C+",IF(BB10>=60,"C",IF(BB10>=55,"D+",IF(BB10>=50,"D","F"))))))) | BE10: =IF(BC10>90,"A",IF(BC10>80,"B+",IF(BC10>69,"B",IF(BC10>64,"C+",IF(BC10>59,"C",IF(BC10>54,"D+",IF(BC10>49,"D",IF(BC10>=0,"F")))))))) -> D+ | BF10: =IF(BE10>=91, 4.00, IF(BE10>=81, 3.50, IF(BE10>=70, 3.00, IF(BE10>=65, 2.50, IF(BE10>=60, 2.00, IF(BE10>=55, 1.50, IF(BE10>=50, 1.00, 0.00))))))) | BG10: =IF(BE10>=91,"A",IF(BE10>=81,"B+",IF(BE10>=70,"B",IF(BE10>=65,"C+",IF(BE10>=60,"C",IF(BE10>=55,"D+",IF(BE10>=50,"D","F"))))))) | BH10: =IF(BF10>90,"A",IF(BF10>80,"B+",IF(BF10>69,"B",IF(BF10>64,"C+",IF(BF10>59,"C",IF(BF10>54,"D+",IF(BF10>49,"D",IF(BF10>=0,"F")))))))) -> D | BI10: =IF(BH10>=91, 4.00, IF(BH10>=81, 3.50, IF(BH10>=70, 3.00, IF(BH10>=65, 2.50, IF(BH10>=60, 2.00, IF(BH10>=55, 1.50, IF(BH10>=50, 1.00, 0.00))))))) | BJ10: =IF(BH10>=91,"A",IF(BH10>=81,"B+",IF(BH10>=70,"B",IF(BH10>=65,"C+",IF(BH10>=60,"C",IF(BH10>=55,"D+",IF(BH10>=50,"D","F"))))))) | BK10: =IF(BI10>90,"A",IF(BI10>80,"B+",IF(BI10>69,"B",IF(BI10>64,"C+",IF(BI10>59,"C",IF(BI10>54,"D+",IF(BI10>49,"D",IF(BI10>=0,"F")))))))) -> B | BL10: =IF(BK10>=91, 4.00, IF(BK10>=81, 3.50, IF(BK10>=70, 3.00, IF(BK10>=65, 2.50, IF(BK10>=60, 2.00, IF(BK10>=55, 1.50, IF(BK10>=50, 1.00, 0.00))))))) | BM10: =IF(BK10>=91,"A",IF(BK10>=81,"B+",IF(BK10>=70,"B",IF(BK10>=65,"C+",IF(BK10>=60,"C",IF(BK10>=55,"D+",IF(BK10>=50,"D","F"))))))) | BN10: =IF(BL10>90,"A",IF(BL10>80,"B+",IF(BL10>69,"B",IF(BL10>64,"C+",IF(BL10>59,"C",IF(BL10>54,"D+",IF(BL10>49,"D",IF(BL10>=0,"F")))))))) -> C | BO10: =IF(BN10>=91, 4.00, IF(BN10>=81, 3.50, IF(BN10>=70, 3.00, IF(BN10>=65, 2.50, IF(BN10>=60, 2.00, IF(BN10>=55, 1.50, IF(BN10>=50, 1.00, 0.00))))))) | BP10: =IF(BN10>=91,"A",IF(BN10>=81,"B+",IF(BN10>=70,"B",IF(BN10>=65,"C+",IF(BN10>=60,"C",IF(BN10>=55,"D+",IF(BN10>=50,"D","F"))))))) | BQ10: =ROUND((AN10*3+AQ10*2+AT10*1+AW10*2+AZ10*1+BC10*1+BF10*2+BI10*2+BL10*2+BO10*3)/19, 2) | BR10: 52 | BS10: =IF(BR10>90,"4.00",IF(BR10>80,"3.50",IF(BR10>69,"3.00",IF(BR10>64,"2.50",IF(BR10>59,"2.00",IF(BR10>54,"1.50",IF(BR10>49,"1.00","0.00"))))))) -> 1.00 | BT10: =IF(BR10>90,"A",IF(BR10>80,"B+",IF(BR10>69,"B",IF(BR10>64,"C+",IF(BR10>59,"C",IF(BR10>54,"D+",IF(BR10>49,"D",IF(BR10>=0,"F")))))))) -> D | BU10: 62 | BV10: =IF(BU10>90,"4.00",IF(BU10>80,"3.50",IF(BU10>69,"3.00",IF(BU10>64,"2.50",IF(BU10>59,"2.00",IF(BU10>54,"1.50",IF(BU10>49,"1.00","0.00"))))))) -> 2.00 | BW10: =IF(BU10>90,"A",IF(BU10>80,"B+",IF(BU10>69,"B",IF(BU10>64,"C+",IF(BU10>59,"C",IF(BU10>54,"D+",IF(BU10>49,"D",IF(BU10>=0,"F")))))))) -> C | BX10: =(AX10*3+BA10*2+BD10*1+BG10*2+BJ10*1+BM10*1+BP10*2+BS10*2+BV10*2)/(3+2+1+2+1+1+2+2+2) -> 2.03125 | BY10: =(AL10+BX10)/2 -> 1.7803309 | BZ10: =RANK(BY10,$BY$7:BY37) -> 19
A11: 5 | B11: 125Q0047/23 | C11: ນາງ | D11: ວິໄລພອນ | E11: ຈັນທະແສງ | F11: Ms.Vilaiphone | G11: CHANTHASENG | H11: 38691 | I11: ນະຄອນຫຼວງວຽງຈັນ | J11: 1 | K11: 26 | L11: =IF(K11>=91, 4.00, IF(K11>=81, 3.50, IF(K11>=70, 3.00, IF(K11>=65, 2.50, IF(K11>=60, 2.00, IF(K11>=55, 1.50, IF(K11>=50, 1.00, 0.00))))))) | M11: =IF(K11>=91,"A",IF(K11>=81,"B+",IF(K11>=70,"B",IF(K11>=65,"C+",IF(K11>=60,"C",IF(K11>=55,"D+",IF(K11>=50,"D","F"))))))) | N11: 52 | O11: =IF(N11>=91, 4.00, IF(N11>=81, 3.50, IF(N11>=70, 3.00, IF(N11>=65, 2.50, IF(N11>=60, 2.00, IF(N11>=55, 1.50, IF(N11>=50, 1.00, 0.00))))))) | P11: =IF(N11>=91,"A",IF(N11>=81,"B+",IF(N11>=70,"B",IF(N11>=65,"C+",IF(N11>=60,"C",IF(N11>=55,"D+",IF(N11>=50,"D","F"))))))) | Q11: 57 | R11: =IF(Q11>=91, 4.00, IF(Q11>=81, 3.50, IF(Q11>=70, 3.00, IF(Q11>=65, 2.50, IF(Q11>=60, 2.00, IF(Q11>=55, 1.50, IF(Q11>=50, 1.00, 0.00))))))) | S11: =IF(Q11>=91,"A",IF(Q11>=81,"B+",IF(Q11>=70,"B",IF(Q11>=65,"C+",IF(Q11>=60,"C",IF(Q11>=55,"D+",IF(Q11>=50,"D","F"))))))) | T11: 46 | U11: =IF(T11>=91, 4.00, IF(T11>=81, 3.50, IF(T11>=70, 3.00, IF(T11>=65, 2.50, IF(T11>=60, 2.00, IF(T11>=55, 1.50, IF(T11>=50, 1.00, 0.00))))))) | V11: =IF(T11>=91,"A",IF(T11>=81,"B+",IF(T11>=70,"B",IF(T11>=65,"C+",IF(T11>=60,"C",IF(T11>=55,"D+",IF(T11>=50,"D","F"))))))) | W11: 28 | X11: =IF(W11>=91, 4.00, IF(W11>=81, 3.50, IF(W11>=70, 3.00, IF(W11>=65, 2.50, IF(W11>=60, 2.00, IF(W11>=55, 1.50, IF(W11>=50, 1.00, 0.00))))))) | Y11: =IF(W11>=91,"A",IF(W11>=81,"B+",IF(W11>=70,"B",IF(W11>=65,"C+",IF(W11>=60,"C",IF(W11>=55,"D+",IF(W11>=50,"D","F"))))))) | Z11: 87.29 | AA11: =IF(Z11>=91, 4.00, IF(Z11>=81, 3.50, IF(Z11>=70, 3.00, IF(Z11>=65, 2.50, IF(Z11>=60, 2.00, IF(Z11>=55, 1.50, IF(Z11>=50, 1.00, 0.00))))))) | AB11: =IF(Z11>=91,"A",IF(Z11>=81,"B+",IF(Z11>=70,"B",IF(Z11>=65,"C+",IF(Z11>=60,"C",IF(Z11>=55,"D+",IF(Z11>=50,"D","F"))))))) | AC11: 58 | AD11: =IF(AC11>=91, 4.00, IF(AC11>=81, 3.50, IF(AC11>=70, 3.00, IF(AC11>=65, 2.50, IF(AC11>=60, 2.00, IF(AC11>=55, 1.50, IF(AC11>=50, 1.00, 0.00))))))) | AE11: =IF(AC11>=91,"A",IF(AC11>=81,"B+",IF(AC11>=70,"B",IF(AC11>=65,"C+",IF(AC11>=60,"C",IF(AC11>=55,"D+",IF(AC11>=50,"D","F"))))))) | AF11: 76 | AG11: =IF(AF11>=91, 4.00, IF(AF11>=81, 3.50, IF(AF11>=70, 3.00, IF(AF11>=65, 2.50, IF(AF11>=60, 2.00, IF(AF11>=55, 1.50, IF(AF11>=50, 1.00, 0.00))))))) | AH11: =IF(AF11>=91,"A",IF(AF11>=81,"B+",IF(AF11>=70,"B",IF(AF11>=65,"C+",IF(AF11>=60,"C",IF(AF11>=55,"D+",IF(AF11>=50,"D","F"))))))) | AI11: 85 | AJ11: =IF(AI11>=91, 4.00, IF(AI11>=81, 3.50, IF(AI11>=70, 3.00, IF(AI11>=65, 2.50, IF(AI11>=60, 2.00, IF(AI11>=55, 1.50, IF(AI11>=50, 1.00, 0.00))))))) | AK11: =IF(AI11>=91,"A",IF(AI11>=81,"B+",IF(AI11>=70,"B",IF(AI11>=65,"C+",IF(AI11>=60,"C",IF(AI11>=55,"D+",IF(AI11>=50,"D","F"))))))) | AL11: =ROUND((L11*3+O11*2+R11*1+U11*2+X11*1+AA11*2+AD11*2+AG11*2+AJ11*2)/17, 2) | AM11: 84 | AN11: =IF(AM11>=91, 4.00, IF(AM11>=81, 3.50, IF(AM11>=70, 3.00, IF(AM11>=65, 2.50, IF(AM11>=60, 2.00, IF(AM11>=55, 1.50, IF(AM11>=50, 1.00, 0.00))))))) | AO11: =IF(AM11>=91,"A",IF(AM11>=81,"B+",IF(AM11>=70,"B",IF(AM11>=65,"C+",IF(AM11>=60,"C",IF(AM11>=55,"D+",IF(AM11>=50,"D","F"))))))) | AP11: ນາງ | AQ11: =IF(AP11>=91, 4.00, IF(AP11>=81, 3.50, IF(AP11>=70, 3.00, IF(AP11>=65, 2.50, IF(AP11>=60, 2.00, IF(AP11>=55, 1.50, IF(AP11>=50, 1.00, 0.00))))))) | AR11: =IF(AP11>=91,"A",IF(AP11>=81,"B+",IF(AP11>=70,"B",IF(AP11>=65,"C+",IF(AP11>=60,"C",IF(AP11>=55,"D+",IF(AP11>=50,"D","F"))))))) | AS11: Ms.Vilaiphone | AT11: =IF(AS11>=91, 4.00, IF(AS11>=81, 3.50, IF(AS11>=70, 3.00, IF(AS11>=65, 2.50, IF(AS11>=60, 2.00, IF(AS11>=55, 1.50, IF(AS11>=50, 1.00, 0.00))))))) | AU11: =IF(AS11>=91,"A",IF(AS11>=81,"B+",IF(AS11>=70,"B",IF(AS11>=65,"C+",IF(AS11>=60,"C",IF(AS11>=55,"D+",IF(AS11>=50,"D","F"))))))) | AV11: ນະຄອນຫຼວງວຽງຈັນ | AW11: =IF(AV11>=91, 4.00, IF(AV11>=81, 3.50, IF(AV11>=70, 3.00, IF(AV11>=65, 2.50, IF(AV11>=60, 2.00, IF(AV11>=55, 1.50, IF(AV11>=50, 1.00, 0.00))))))) | AX11: =IF(AV11>=91,"A",IF(AV11>=81,"B+",IF(AV11>=70,"B",IF(AV11>=65,"C+",IF(AV11>=60,"C",IF(AV11>=55,"D+",IF(AV11>=50,"D","F"))))))) | AY11: =IF(AW11>90,"A",IF(AW11>80,"B+",IF(AW11>69,"B",IF(AW11>64,"C+",IF(AW11>59,"C",IF(AW11>54,"D+",IF(AW11>49,"D",IF(AW11>=0,"F")))))))) -> F | AZ11: =IF(AY11>=91, 4.00, IF(AY11>=81, 3.50, IF(AY11>=70, 3.00, IF(AY11>=65, 2.50, IF(AY11>=60, 2.00, IF(AY11>=55, 1.50, IF(AY11>=50, 1.00, 0.00))))))) | BA11: =IF(AY11>=91,"A",IF(AY11>=81,"B+",IF(AY11>=70,"B",IF(AY11>=65,"C+",IF(AY11>=60,"C",IF(AY11>=55,"D+",IF(AY11>=50,"D","F"))))))) | BB11: =IF(AZ11>90,"A",IF(AZ11>80,"B+",IF(AZ11>69,"B",IF(AZ11>64,"C+",IF(AZ11>59,"C",IF(AZ11>54,"D+",IF(AZ11>49,"D",IF(AZ11>=0,"F")))))))) -> F | BC11: =IF(BB11>=91, 4.00, IF(BB11>=81, 3.50, IF(BB11>=70, 3.00, IF(BB11>=65, 2.50, IF(BB11>=60, 2.00, IF(BB11>=55, 1.50, IF(BB11>=50, 1.00, 0.00))))))) | BD11: =IF(BB11>=91,"A",IF(BB11>=81,"B+",IF(BB11>=70,"B",IF(BB11>=65,"C+",IF(BB11>=60,"C",IF(BB11>=55,"D+",IF(BB11>=50,"D","F"))))))) | BE11: =IF(BC11>90,"A",IF(BC11>80,"B+",IF(BC11>69,"B",IF(BC11>64,"C+",IF(BC11>59,"C",IF(BC11>54,"D+",IF(BC11>49,"D",IF(BC11>=0,"F")))))))) -> F | BF11: =IF(BE11>=91, 4.00, IF(BE11>=81, 3.50, IF(BE11>=70, 3.00, IF(BE11>=65, 2.50, IF(BE11>=60, 2.00, IF(BE11>=55, 1.50, IF(BE11>=50, 1.00, 0.00))))))) | BG11: =IF(BE11>=91,"A",IF(BE11>=81,"B+",IF(BE11>=70,"B",IF(BE11>=65,"C+",IF(BE11>=60,"C",IF(BE11>=55,"D+",IF(BE11>=50,"D","F"))))))) | BH11: =IF(BF11>90,"A",IF(BF11>80,"B+",IF(BF11>69,"B",IF(BF11>64,"C+",IF(BF11>59,"C",IF(BF11>54,"D+",IF(BF11>49,"D",IF(BF11>=0,"F")))))))) -> F | BI11: =IF(BH11>=91, 4.00, IF(BH11>=81, 3.50, IF(BH11>=70, 3.00, IF(BH11>=65, 2.50, IF(BH11>=60, 2.00, IF(BH11>=55, 1.50, IF(BH11>=50, 1.00, 0.00))))))) | BJ11: =IF(BH11>=91,"A",IF(BH11>=81,"B+",IF(BH11>=70,"B",IF(BH11>=65,"C+",IF(BH11>=60,"C",IF(BH11>=55,"D+",IF(BH11>=50,"D","F"))))))) | BK11: =IF(BI11>90,"A",IF(BI11>80,"B+",IF(BI11>69,"B",IF(BI11>64,"C+",IF(BI11>59,"C",IF(BI11>54,"D+",IF(BI11>49,"D",IF(BI11>=0,"F")))))))) -> F | BL11: =IF(BK11>=91, 4.00, IF(BK11>=81, 3.50, IF(BK11>=70, 3.00, IF(BK11>=65, 2.50, IF(BK11>=60, 2.00, IF(BK11>=55, 1.50, IF(BK11>=50, 1.00, 0.00))))))) | BM11: =IF(BK11>=91,"A",IF(BK11>=81,"B+",IF(BK11>=70,"B",IF(BK11>=65,"C+",IF(BK11>=60,"C",IF(BK11>=55,"D+",IF(BK11>=50,"D","F"))))))) | BN11: =IF(BL11>90,"A",IF(BL11>80,"B+",IF(BL11>69,"B",IF(BL11>64,"C+",IF(BL11>59,"C",IF(BL11>54,"D+",IF(BL11>49,"D",IF(BL11>=0,"F")))))))) -> F | BO11: =IF(BN11>=91, 4.00, IF(BN11>=81, 3.50, IF(BN11>=70, 3.00, IF(BN11>=65, 2.50, IF(BN11>=60, 2.00, IF(BN11>=55, 1.50, IF(BN11>=50, 1.00, 0.00))))))) | BP11: =IF(BN11>=91,"A",IF(BN11>=81,"B+",IF(BN11>=70,"B",IF(BN11>=65,"C+",IF(BN11>=60,"C",IF(BN11>=55,"D+",IF(BN11>=50,"D","F"))))))) | BQ11: =ROUND((AN11*3+AQ11*2+AT11*1+AW11*2+AZ11*1+BC11*1+BF11*2+BI11*2+BL11*2+BO11*3)/19, 2) | BR11: 45 | BS11: =IF(BR11>90,"4.00",IF(BR11>80,"3.50",IF(BR11>69,"3.00",IF(BR11>64,"2.50",IF(BR11>59,"2.00",IF(BR11>54,"1.50",IF(BR11>49,"1.00","0.00"))))))) -> 0.00 | BT11: =IF(BR11>90,"A",IF(BR11>80,"B+",IF(BR11>69,"B",IF(BR11>64,"C+",IF(BR11>59,"C",IF(BR11>54,"D+",IF(BR11>49,"D",IF(BR11>=0,"F")))))))) -> F | BU11: 62 | BV11: =IF(BU11>90,"4.00",IF(BU11>80,"3.50",IF(BU11>69,"3.00",IF(BU11>64,"2.50",IF(BU11>59,"2.00",IF(BU11>54,"1.50",IF(BU11>49,"1.00","0.00"))))))) -> 2.00 | BW11: =IF(BU11>90,"A",IF(BU11>80,"B+",IF(BU11>69,"B",IF(BU11>64,"C+",IF(BU11>59,"C",IF(BU11>54,"D+",IF(BU11>49,"D",IF(BU11>=0,"F")))))))) -> C | BX11: =(AX11*3+BA11*2+BD11*1+BG11*2+BJ11*1+BM11*1+BP11*2+BS11*2+BV11*2)/(3+2+1+2+1+1+2+2+2) -> 0.5625 | BY11: =(AL11+BX11)/2 -> 0.95772059 | BZ11: =RANK(BY11,$BY$7:BY38) -> 28
A12: 6 | B12: 125N0615/23 | C12: ນາງ | D12: ທິບພະກອນ | E12: ຫຼວງລາດ | F12: Ms.Thipphakone | G12: LOUANGRATH | H12: 37681 | I12: ນະຄອນຫຼວງວຽງຈັນ | J12: 1 | K12: 83 | L12: =IF(K12>=91, 4.00, IF(K12>=81, 3.50, IF(K12>=70, 3.00, IF(K12>=65, 2.50, IF(K12>=60, 2.00, IF(K12>=55, 1.50, IF(K12>=50, 1.00, 0.00))))))) | M12: =IF(K12>=91,"A",IF(K12>=81,"B+",IF(K12>=70,"B",IF(K12>=65,"C+",IF(K12>=60,"C",IF(K12>=55,"D+",IF(K12>=50,"D","F"))))))) | N12: 96 | O12: =IF(N12>=91, 4.00, IF(N12>=81, 3.50, IF(N12>=70, 3.00, IF(N12>=65, 2.50, IF(N12>=60, 2.00, IF(N12>=55, 1.50, IF(N12>=50, 1.00, 0.00))))))) | P12: =IF(N12>=91,"A",IF(N12>=81,"B+",IF(N12>=70,"B",IF(N12>=65,"C+",IF(N12>=60,"C",IF(N12>=55,"D+",IF(N12>=50,"D","F"))))))) | Q12: 97 | R12: =IF(Q12>=91, 4.00, IF(Q12>=81, 3.50, IF(Q12>=70, 3.00, IF(Q12>=65, 2.50, IF(Q12>=60, 2.00, IF(Q12>=55, 1.50, IF(Q12>=50, 1.00, 0.00))))))) | S12: =IF(Q12>=91,"A",IF(Q12>=81,"B+",IF(Q12>=70,"B",IF(Q12>=65,"C+",IF(Q12>=60,"C",IF(Q12>=55,"D+",IF(Q12>=50,"D","F"))))))) | T12: 78 | U12: =IF(T12>=91, 4.00, IF(T12>=81, 3.50, IF(T12>=70, 3.00, IF(T12>=65, 2.50, IF(T12>=60, 2.00, IF(T12>=55, 1.50, IF(T12>=50, 1.00, 0.00))))))) | V12: =IF(T12>=91,"A",IF(T12>=81,"B+",IF(T12>=70,"B",IF(T12>=65,"C+",IF(T12>=60,"C",IF(T12>=55,"D+",IF(T12>=50,"D","F"))))))) | W12: 73 | X12: =IF(W12>=91, 4.00, IF(W12>=81, 3.50, IF(W12>=70, 3.00, IF(W12>=65, 2.50, IF(W12>=60, 2.00, IF(W12>=55, 1.50, IF(W12>=50, 1.00, 0.00))))))) | Y12: =IF(W12>=91,"A",IF(W12>=81,"B+",IF(W12>=70,"B",IF(W12>=65,"C+",IF(W12>=60,"C",IF(W12>=55,"D+",IF(W12>=50,"D","F"))))))) | Z12: 92.52 | AA12: =IF(Z12>=91, 4.00, IF(Z12>=81, 3.50, IF(Z12>=70, 3.00, IF(Z12>=65, 2.50, IF(Z12>=60, 2.00, IF(Z12>=55, 1.50, IF(Z12>=50, 1.00, 0.00))))))) | AB12: =IF(Z12>=91,"A",IF(Z12>=81,"B+",IF(Z12>=70,"B",IF(Z12>=65,"C+",IF(Z12>=60,"C",IF(Z12>=55,"D+",IF(Z12>=50,"D","F"))))))) | AC12: 86.5 | AD12: =IF(AC12>=91, 4.00, IF(AC12>=81, 3.50, IF(AC12>=70, 3.00, IF(AC12>=65, 2.50, IF(AC12>=60, 2.00, IF(AC12>=55, 1.50, IF(AC12>=50, 1.00, 0.00))))))) | AE12: =IF(AC12>=91,"A",IF(AC12>=81,"B+",IF(AC12>=70,"B",IF(AC12>=65,"C+",IF(AC12>=60,"C",IF(AC12>=55,"D+",IF(AC12>=50,"D","F"))))))) | AF12: 91 | AG12: =IF(AF12>=91, 4.00, IF(AF12>=81, 3.50, IF(AF12>=70, 3.00, IF(AF12>=65, 2.50, IF(AF12>=60, 2.00, IF(AF12>=55, 1.50, IF(AF12>=50, 1.00, 0.00))))))) | AH12: =IF(AF12>=91,"A",IF(AF12>=81,"B+",IF(AF12>=70,"B",IF(AF12>=65,"C+",IF(AF12>=60,"C",IF(AF12>=55,"D+",IF(AF12>=50,"D","F"))))))) | AI12: 86 | AJ12: =IF(AI12>=91, 4.00, IF(AI12>=81, 3.50, IF(AI12>=70, 3.00, IF(AI12>=65, 2.50, IF(AI12>=60, 2.00, IF(AI12>=55, 1.50, IF(AI12>=50, 1.00, 0.00))))))) | AK12: =IF(AI12>=91,"A",IF(AI12>=81,"B+",IF(AI12>=70,"B",IF(AI12>=65,"C+",IF(AI12>=60,"C",IF(AI12>=55,"D+",IF(AI12>=50,"D","F"))))))) | AL12: =ROUND((L12*3+O12*2+R12*1+U12*2+X12*1+AA12*2+AD12*2+AG12*2+AJ12*2)/17, 2) | AM12: 87 | AN12: =IF(AM12>=91, 4.00, IF(AM12>=81, 3.50, IF(AM12>=70, 3.00, IF(AM12>=65, 2.50, IF(AM12>=60, 2.00, IF(AM12>=55, 1.50, IF(AM12>=50, 1.00, 0.00))))))) | AO12: =IF(AM12>=91,"A",IF(AM12>=81,"B+",IF(AM12>=70,"B",IF(AM12>=65,"C+",IF(AM12>=60,"C",IF(AM12>=55,"D+",IF(AM12>=50,"D","F"))))))) | AP12: ນາງ | AQ12: =IF(AP12>=91, 4.00, IF(AP12>=81, 3.50, IF(AP12>=70, 3.00, IF(AP12>=65, 2.50, IF(AP12>=60, 2.00, IF(AP12>=55, 1.50, IF(AP12>=50, 1.00, 0.00))))))) | AR12: =IF(AP12>=91,"A",IF(AP12>=81,"B+",IF(AP12>=70,"B",IF(AP12>=65,"C+",IF(AP12>=60,"C",IF(AP12>=55,"D+",IF(AP12>=50,"D","F"))))))) | AS12: Ms.Thipphakone | AT12: =IF(AS12>=91, 4.00, IF(AS12>=81, 3.50, IF(AS12>=70, 3.00, IF(AS12>=65, 2.50, IF(AS12>=60, 2.00, IF(AS12>=55, 1.50, IF(AS12>=50, 1.00, 0.00))))))) | AU12: =IF(AS12>=91,"A",IF(AS12>=81,"B+",IF(AS12>=70,"B",IF(AS12>=65,"C+",IF(AS12>=60,"C",IF(AS12>=55,"D+",IF(AS12>=50,"D","F"))))))) | AV12: ນະຄອນຫຼວງວຽງຈັນ | AW12: =IF(AV12>=91, 4.00, IF(AV12>=81, 3.50, IF(AV12>=70, 3.00, IF(AV12>=65, 2.50, IF(AV12>=60, 2.00, IF(AV12>=55, 1.50, IF(AV12>=50, 1.00, 0.00))))))) | AX12: =IF(AV12>=91,"A",IF(AV12>=81,"B+",IF(AV12>=70,"B",IF(AV12>=65,"C+",IF(AV12>=60,"C",IF(AV12>=55,"D+",IF(AV12>=50,"D","F"))))))) | AY12: =IF(AW12>90,"A",IF(AW12>80,"B+",IF(AW12>69,"B",IF(AW12>64,"C+",IF(AW12>59,"C",IF(AW12>54,"D+",IF(AW12>49,"D",IF(AW12>=0,"F")))))))) -> B+ | AZ12: =IF(AY12>=91, 4.00, IF(AY12>=81, 3.50, IF(AY12>=70, 3.00, IF(AY12>=65, 2.50, IF(AY12>=60, 2.00, IF(AY12>=55, 1.50, IF(AY12>=50, 1.00, 0.00))))))) | BA12: =IF(AY12>=91,"A",IF(AY12>=81,"B+",IF(AY12>=70,"B",IF(AY12>=65,"C+",IF(AY12>=60,"C",IF(AY12>=55,"D+",IF(AY12>=50,"D","F"))))))) | BB12: =IF(AZ12>90,"A",IF(AZ12>80,"B+",IF(AZ12>69,"B",IF(AZ12>64,"C+",IF(AZ12>59,"C",IF(AZ12>54,"D+",IF(AZ12>49,"D",IF(AZ12>=0,"F")))))))) -> B+ | BC12: =IF(BB12>=91, 4.00, IF(BB12>=81, 3.50, IF(BB12>=70, 3.00, IF(BB12>=65, 2.50, IF(BB12>=60, 2.00, IF(BB12>=55, 1.50, IF(BB12>=50, 1.00, 0.00))))))) | BD12: =IF(BB12>=91,"A",IF(BB12>=81,"B+",IF(BB12>=70,"B",IF(BB12>=65,"C+",IF(BB12>=60,"C",IF(BB12>=55,"D+",IF(BB12>=50,"D","F"))))))) | BE12: =IF(BC12>90,"A",IF(BC12>80,"B+",IF(BC12>69,"B",IF(BC12>64,"C+",IF(BC12>59,"C",IF(BC12>54,"D+",IF(BC12>49,"D",IF(BC12>=0,"F")))))))) -> B+ | BF12: =IF(BE12>=91, 4.00, IF(BE12>=81, 3.50, IF(BE12>=70, 3.00, IF(BE12>=65, 2.50, IF(BE12>=60, 2.00, IF(BE12>=55, 1.50, IF(BE12>=50, 1.00, 0.00))))))) | BG12: =IF(BE12>=91,"A",IF(BE12>=81,"B+",IF(BE12>=70,"B",IF(BE12>=65,"C+",IF(BE12>=60,"C",IF(BE12>=55,"D+",IF(BE12>=50,"D","F"))))))) | BH12: =IF(BF12>90,"A",IF(BF12>80,"B+",IF(BF12>69,"B",IF(BF12>64,"C+",IF(BF12>59,"C",IF(BF12>54,"D+",IF(BF12>49,"D",IF(BF12>=0,"F")))))))) -> B+ | BI12: =IF(BH12>=91, 4.00, IF(BH12>=81, 3.50, IF(BH12>=70, 3.00, IF(BH12>=65, 2.50, IF(BH12>=60, 2.00, IF(BH12>=55, 1.50, IF(BH12>=50, 1.00, 0.00))))))) | BJ12: =IF(BH12>=91,"A",IF(BH12>=81,"B+",IF(BH12>=70,"B",IF(BH12>=65,"C+",IF(BH12>=60,"C",IF(BH12>=55,"D+",IF(BH12>=50,"D","F"))))))) | BK12: =IF(BI12>90,"A",IF(BI12>80,"B+",IF(BI12>69,"B",IF(BI12>64,"C+",IF(BI12>59,"C",IF(BI12>54,"D+",IF(BI12>49,"D",IF(BI12>=0,"F")))))))) -> B+ | BL12: =IF(BK12>=91, 4.00, IF(BK12>=81, 3.50, IF(BK12>=70, 3.00, IF(BK12>=65, 2.50, IF(BK12>=60, 2.00, IF(BK12>=55, 1.50, IF(BK12>=50, 1.00, 0.00))))))) | BM12: =IF(BK12>=91,"A",IF(BK12>=81,"B+",IF(BK12>=70,"B",IF(BK12>=65,"C+",IF(BK12>=60,"C",IF(BK12>=55,"D+",IF(BK12>=50,"D","F"))))))) | BN12: =IF(BL12>90,"A",IF(BL12>80,"B+",IF(BL12>69,"B",IF(BL12>64,"C+",IF(BL12>59,"C",IF(BL12>54,"D+",IF(BL12>49,"D",IF(BL12>=0,"F")))))))) -> A | BO12: =IF(BN12>=91, 4.00, IF(BN12>=81, 3.50, IF(BN12>=70, 3.00, IF(BN12>=65, 2.50, IF(BN12>=60, 2.00, IF(BN12>=55, 1.50, IF(BN12>=50, 1.00, 0.00))))))) | BP12: =IF(BN12>=91,"A",IF(BN12>=81,"B+",IF(BN12>=70,"B",IF(BN12>=65,"C+",IF(BN12>=60,"C",IF(BN12>=55,"D+",IF(BN12>=50,"D","F"))))))) | BQ12: =ROUND((AN12*3+AQ12*2+AT12*1+AW12*2+AZ12*1+BC12*1+BF12*2+BI12*2+BL12*2+BO12*3)/19, 2) | BR12: 88 | BS12: =IF(BR12>90,"4.00",IF(BR12>80,"3.50",IF(BR12>69,"3.00",IF(BR12>64,"2.50",IF(BR12>59,"2.00",IF(BR12>54,"1.50",IF(BR12>49,"1.00","0.00"))))))) -> 3.50 | BT12: =IF(BR12>90,"A",IF(BR12>80,"B+",IF(BR12>69,"B",IF(BR12>64,"C+",IF(BR12>59,"C",IF(BR12>54,"D+",IF(BR12>49,"D",IF(BR12>=0,"F")))))))) -> B+ | BU12: 75 | BV12: =IF(BU12>90,"4.00",IF(BU12>80,"3.50",IF(BU12>69,"3.00",IF(BU12>64,"2.50",IF(BU12>59,"2.00",IF(BU12>54,"1.50",IF(BU12>49,"1.00","0.00"))))))) -> 3.00 | BW12: =IF(BU12>90,"A",IF(BU12>80,"B+",IF(BU12>69,"B",IF(BU12>64,"C+",IF(BU12>59,"C",IF(BU12>54,"D+",IF(BU12>49,"D",IF(BU12>=0,"F")))))))) -> B | BX12: =(AX12*3+BA12*2+BD12*1+BG12*2+BJ12*1+BM12*1+BP12*2+BS12*2+BV12*2)/(3+2+1+2+1+1+2+2+2) -> 3.40625 | BY12: =(AL12+BX12)/2 -> 3.3943015 | BZ12: =RANK(BY12,$BY$7:BY40) -> 3
A13: 7 | B13: 125N0616/23 | C13: ນາງ | D13: ວິລັດດາ | E13: ເພຍຄຳ | F13: Ms.Vilatda | G13: PHIAKHAM | H13: 28/08/2005 | I13: ບໍລິຄຳໄຊ | J13: 1 | K13: 80 | L13: =IF(K13>=91, 4.00, IF(K13>=81, 3.50, IF(K13>=70, 3.00, IF(K13>=65, 2.50, IF(K13>=60, 2.00, IF(K13>=55, 1.50, IF(K13>=50, 1.00, 0.00))))))) | M13: =IF(K13>=91,"A",IF(K13>=81,"B+",IF(K13>=70,"B",IF(K13>=65,"C+",IF(K13>=60,"C",IF(K13>=55,"D+",IF(K13>=50,"D","F"))))))) | N13: 91 | O13: =IF(N13>=91, 4.00, IF(N13>=81, 3.50, IF(N13>=70, 3.00, IF(N13>=65, 2.50, IF(N13>=60, 2.00, IF(N13>=55, 1.50, IF(N13>=50, 1.00, 0.00))))))) | P13: =IF(N13>=91,"A",IF(N13>=81,"B+",IF(N13>=70,"B",IF(N13>=65,"C+",IF(N13>=60,"C",IF(N13>=55,"D+",IF(N13>=50,"D","F"))))))) | Q13: 93 | R13: =IF(Q13>=91, 4.00, IF(Q13>=81, 3.50, IF(Q13>=70, 3.00, IF(Q13>=65, 2.50, IF(Q13>=60, 2.00, IF(Q13>=55, 1.50, IF(Q13>=50, 1.00, 0.00))))))) | S13: =IF(Q13>=91,"A",IF(Q13>=81,"B+",IF(Q13>=70,"B",IF(Q13>=65,"C+",IF(Q13>=60,"C",IF(Q13>=55,"D+",IF(Q13>=50,"D","F"))))))) | T13: 65 | U13: =IF(T13>=91, 4.00, IF(T13>=81, 3.50, IF(T13>=70, 3.00, IF(T13>=65, 2.50, IF(T13>=60, 2.00, IF(T13>=55, 1.50, IF(T13>=50, 1.00, 0.00))))))) | V13: =IF(T13>=91,"A",IF(T13>=81,"B+",IF(T13>=70,"B",IF(T13>=65,"C+",IF(T13>=60,"C",IF(T13>=55,"D+",IF(T13>=50,"D","F"))))))) | W13: 70 | X13: =IF(W13>=91, 4.00, IF(W13>=81, 3.50, IF(W13>=70, 3.00, IF(W13>=65, 2.50, IF(W13>=60, 2.00, IF(W13>=55, 1.50, IF(W13>=50, 1.00, 0.00))))))) | Y13: =IF(W13>=91,"A",IF(W13>=81,"B+",IF(W13>=70,"B",IF(W13>=65,"C+",IF(W13>=60,"C",IF(W13>=55,"D+",IF(W13>=50,"D","F"))))))) | Z13: 85.27 | AA13: =IF(Z13>=91, 4.00, IF(Z13>=81, 3.50, IF(Z13>=70, 3.00, IF(Z13>=65, 2.50, IF(Z13>=60, 2.00, IF(Z13>=55, 1.50, IF(Z13>=50, 1.00, 0.00))))))) | AB13: =IF(Z13>=91,"A",IF(Z13>=81,"B+",IF(Z13>=70,"B",IF(Z13>=65,"C+",IF(Z13>=60,"C",IF(Z13>=55,"D+",IF(Z13>=50,"D","F"))))))) | AC13: 81 | AD13: =IF(AC13>=91, 4.00, IF(AC13>=81, 3.50, IF(AC13>=70, 3.00, IF(AC13>=65, 2.50, IF(AC13>=60, 2.00, IF(AC13>=55, 1.50, IF(AC13>=50, 1.00, 0.00))))))) | AE13: =IF(AC13>=91,"A",IF(AC13>=81,"B+",IF(AC13>=70,"B",IF(AC13>=65,"C+",IF(AC13>=60,"C",IF(AC13>=55,"D+",IF(AC13>=50,"D","F"))))))) | AF13: 80 | AG13: =IF(AF13>=91, 4.00, IF(AF13>=81, 3.50, IF(AF13>=70, 3.00, IF(AF13>=65, 2.50, IF(AF13>=60, 2.00, IF(AF13>=55, 1.50, IF(AF13>=50, 1.00, 0.00))))))) | AH13: =IF(AF13>=91,"A",IF(AF13>=81,"B+",IF(AF13>=70,"B",IF(AF13>=65,"C+",IF(AF13>=60,"C",IF(AF13>=55,"D+",IF(AF13>=50,"D","F"))))))) | AI13: 87 | AJ13: =IF(AI13>=91, 4.00, IF(AI13>=81, 3.50, IF(AI13>=70, 3.00, IF(AI13>=65, 2.50, IF(AI13>=60, 2.00, IF(AI13>=55, 1.50, IF(AI13>=50, 1.00, 0.00))))))) | AK13: =IF(AI13>=91,"A",IF(AI13>=81,"B+",IF(AI13>=70,"B",IF(AI13>=65,"C+",IF(AI13>=60,"C",IF(AI13>=55,"D+",IF(AI13>=50,"D","F"))))))) | AL13: =ROUND((L13*3+O13*2+R13*1+U13*2+X13*1+AA13*2+AD13*2+AG13*2+AJ13*2)/17, 2) | AM13: 90 | AN13: =IF(AM13>=91, 4.00, IF(AM13>=81, 3.50, IF(AM13>=70, 3.00, IF(AM13>=65, 2.50, IF(AM13>=60, 2.00, IF(AM13>=55, 1.50, IF(AM13>=50, 1.00, 0.00))))))) | AO13: =IF(AM13>=91,"A",IF(AM13>=81,"B+",IF(AM13>=70,"B",IF(AM13>=65,"C+",IF(AM13>=60,"C",IF(AM13>=55,"D+",IF(AM13>=50,"D","F"))))))) | AP13: ນາງ | AQ13: =IF(AP13>=91, 4.00, IF(AP13>=81, 3.50, IF(AP13>=70, 3.00, IF(AP13>=65, 2.50, IF(AP13>=60, 2.00, IF(AP13>=55, 1.50, IF(AP13>=50, 1.00, 0.00))))))) | AR13: =IF(AP13>=91,"A",IF(AP13>=81,"B+",IF(AP13>=70,"B",IF(AP13>=65,"C+",IF(AP13>=60,"C",IF(AP13>=55,"D+",IF(AP13>=50,"D","F"))))))) | AS13: Ms.Vilatda | AT13: =IF(AS13>=91, 4.00, IF(AS13>=81, 3.50, IF(AS13>=70, 3.00, IF(AS13>=65, 2.50, IF(AS13>=60, 2.00, IF(AS13>=55, 1.50, IF(AS13>=50, 1.00, 0.00))))))) | AU13: =IF(AS13>=91,"A",IF(AS13>=81,"B+",IF(AS13>=70,"B",IF(AS13>=65,"C+",IF(AS13>=60,"C",IF(AS13>=55,"D+",IF(AS13>=50,"D","F"))))))) | AV13: ບໍລິຄຳໄຊ | AW13: =IF(AV13>=91, 4.00, IF(AV13>=81, 3.50, IF(AV13>=70, 3.00, IF(AV13>=65, 2.50, IF(AV13>=60, 2.00, IF(AV13>=55, 1.50, IF(AV13>=50, 1.00, 0.00))))))) | AX13: =IF(AV13>=91,"A",IF(AV13>=81,"B+",IF(AV13>=70,"B",IF(AV13>=65,"C+",IF(AV13>=60,"C",IF(AV13>=55,"D+",IF(AV13>=50,"D","F"))))))) | AY13: =IF(AW13>90,"A",IF(AW13>80,"B+",IF(AW13>69,"B",IF(AW13>64,"C+",IF(AW13>59,"C",IF(AW13>54,"D+",IF(AW13>49,"D",IF(AW13>=0,"F")))))))) -> B+ | AZ13: =IF(AY13>=91, 4.00, IF(AY13>=81, 3.50, IF(AY13>=70, 3.00, IF(AY13>=65, 2.50, IF(AY13>=60, 2.00, IF(AY13>=55, 1.50, IF(AY13>=50, 1.00, 0.00))))))) | BA13: =IF(AY13>=91,"A",IF(AY13>=81,"B+",IF(AY13>=70,"B",IF(AY13>=65,"C+",IF(AY13>=60,"C",IF(AY13>=55,"D+",IF(AY13>=50,"D","F"))))))) | BB13: =IF(AZ13>90,"A",IF(AZ13>80,"B+",IF(AZ13>69,"B",IF(AZ13>64,"C+",IF(AZ13>59,"C",IF(AZ13>54,"D+",IF(AZ13>49,"D",IF(AZ13>=0,"F")))))))) -> A | BC13: =IF(BB13>=91, 4.00, IF(BB13>=81, 3.50, IF(BB13>=70, 3.00, IF(BB13>=65, 2.50, IF(BB13>=60, 2.00, IF(BB13>=55, 1.50, IF(BB13>=50, 1.00, 0.00))))))) | BD13: =IF(BB13>=91,"A",IF(BB13>=81,"B+",IF(BB13>=70,"B",IF(BB13>=65,"C+",IF(BB13>=60,"C",IF(BB13>=55,"D+",IF(BB13>=50,"D","F"))))))) | BE13: =IF(BC13>90,"A",IF(BC13>80,"B+",IF(BC13>69,"B",IF(BC13>64,"C+",IF(BC13>59,"C",IF(BC13>54,"D+",IF(BC13>49,"D",IF(BC13>=0,"F")))))))) -> A | BF13: =IF(BE13>=91, 4.00, IF(BE13>=81, 3.50, IF(BE13>=70, 3.00, IF(BE13>=65, 2.50, IF(BE13>=60, 2.00, IF(BE13>=55, 1.50, IF(BE13>=50, 1.00, 0.00))))))) | BG13: =IF(BE13>=91,"A",IF(BE13>=81,"B+",IF(BE13>=70,"B",IF(BE13>=65,"C+",IF(BE13>=60,"C",IF(BE13>=55,"D+",IF(BE13>=50,"D","F"))))))) | BH13: =IF(BF13>90,"A",IF(BF13>80,"B+",IF(BF13>69,"B",IF(BF13>64,"C+",IF(BF13>59,"C",IF(BF13>54,"D+",IF(BF13>49,"D",IF(BF13>=0,"F")))))))) -> A | BI13: =IF(BH13>=91, 4.00, IF(BH13>=81, 3.50, IF(BH13>=70, 3.00, IF(BH13>=65, 2.50, IF(BH13>=60, 2.00, IF(BH13>=55, 1.50, IF(BH13>=50, 1.00, 0.00))))))) | BJ13: =IF(BH13>=91,"A",IF(BH13>=81,"B+",IF(BH13>=70,"B",IF(BH13>=65,"C+",IF(BH13>=60,"C",IF(BH13>=55,"D+",IF(BH13>=50,"D","F"))))))) | BK13: =IF(BI13>90,"A",IF(BI13>80,"B+",IF(BI13>69,"B",IF(BI13>64,"C+",IF(BI13>59,"C",IF(BI13>54,"D+",IF(BI13>49,"D",IF(BI13>=0,"F")))))))) -> A | BL13: =IF(BK13>=91, 4.00, IF(BK13>=81, 3.50, IF(BK13>=70, 3.00, IF(BK13>=65, 2.50, IF(BK13>=60, 2.00, IF(BK13>=55, 1.50, IF(BK13>=50, 1.00, 0.00))))))) | BM13: =IF(BK13>=91,"A",IF(BK13>=81,"B+",IF(BK13>=70,"B",IF(BK13>=65,"C+",IF(BK13>=60,"C",IF(BK13>=55,"D+",IF(BK13>=50,"D","F"))))))) | BN13: =IF(BL13>90,"A",IF(BL13>80,"B+",IF(BL13>69,"B",IF(BL13>64,"C+",IF(BL13>59,"C",IF(BL13>54,"D+",IF(BL13>49,"D",IF(BL13>=0,"F")))))))) -> A | BO13: =IF(BN13>=91, 4.00, IF(BN13>=81, 3.50, IF(BN13>=70, 3.00, IF(BN13>=65, 2.50, IF(BN13>=60, 2.00, IF(BN13>=55, 1.50, IF(BN13>=50, 1.00, 0.00))))))) | BP13: =IF(BN13>=91,"A",IF(BN13>=81,"B+",IF(BN13>=70,"B",IF(BN13>=65,"C+",IF(BN13>=60,"C",IF(BN13>=55,"D+",IF(BN13>=50,"D","F"))))))) | BQ13: =ROUND((AN13*3+AQ13*2+AT13*1+AW13*2+AZ13*1+BC13*1+BF13*2+BI13*2+BL13*2+BO13*3)/19, 2) | BR13: 71 | BS13: =IF(BR13>90,"4.00",IF(BR13>80,"3.50",IF(BR13>69,"3.00",IF(BR13>64,"2.50",IF(BR13>59,"2.00",IF(BR13>54,"1.50",IF(BR13>49,"1.00","0.00"))))))) -> 3.00 | BT13: =IF(BR13>90,"A",IF(BR13>80,"B+",IF(BR13>69,"B",IF(BR13>64,"C+",IF(BR13>59,"C",IF(BR13>54,"D+",IF(BR13>49,"D",IF(BR13>=0,"F")))))))) -> B | BU13: 79 | BV13: =IF(BU13>90,"4.00",IF(BU13>80,"3.50",IF(BU13>69,"3.00",IF(BU13>64,"2.50",IF(BU13>59,"2.00",IF(BU13>54,"1.50",IF(BU13>49,"1.00","0.00"))))))) -> 3.00 | BW13: =IF(BU13>90,"A",IF(BU13>80,"B+",IF(BU13>69,"B",IF(BU13>64,"C+",IF(BU13>59,"C",IF(BU13>54,"D+",IF(BU13>49,"D",IF(BU13>=0,"F")))))))) -> B | BX13: =(AX13*3+BA13*2+BD13*1+BG13*2+BJ13*1+BM13*1+BP13*2+BS13*2+BV13*2)/(3+2+1+2+1+1+2+2+2) -> 3.53125 | BY13: =(AL13+BX13)/2 -> 3.3097426 | BZ13: =RANK(BY13,$BY$7:BY41) -> 7
A14: 8 | B14: 125N0617/23 | C14: ນາງ | D14: ເຄືອເງິນ | E14: ຈັນລິວົງ | F14: Ms.Khueangern | G14: CHANLIVONG | H14: 27/01/2005 | I14: ນະຄອນຫຼວງວຽງຈັນ | J14: 1 | K14: 89 | L14: =IF(K14>=91, 4.00, IF(K14>=81, 3.50, IF(K14>=70, 3.00, IF(K14>=65, 2.50, IF(K14>=60, 2.00, IF(K14>=55, 1.50, IF(K14>=50, 1.00, 0.00))))))) | M14: =IF(K14>=91,"A",IF(K14>=81,"B+",IF(K14>=70,"B",IF(K14>=65,"C+",IF(K14>=60,"C",IF(K14>=55,"D+",IF(K14>=50,"D","F"))))))) | N14: 97 | O14: =IF(N14>=91, 4.00, IF(N14>=81, 3.50, IF(N14>=70, 3.00, IF(N14>=65, 2.50, IF(N14>=60, 2.00, IF(N14>=55, 1.50, IF(N14>=50, 1.00, 0.00))))))) | P14: =IF(N14>=91,"A",IF(N14>=81,"B+",IF(N14>=70,"B",IF(N14>=65,"C+",IF(N14>=60,"C",IF(N14>=55,"D+",IF(N14>=50,"D","F"))))))) | Q14: 88 | R14: =IF(Q14>=91, 4.00, IF(Q14>=81, 3.50, IF(Q14>=70, 3.00, IF(Q14>=65, 2.50, IF(Q14>=60, 2.00, IF(Q14>=55, 1.50, IF(Q14>=50, 1.00, 0.00))))))) | S14: =IF(Q14>=91,"A",IF(Q14>=81,"B+",IF(Q14>=70,"B",IF(Q14>=65,"C+",IF(Q14>=60,"C",IF(Q14>=55,"D+",IF(Q14>=50,"D","F"))))))) | T14: 77 | U14: =IF(T14>=91, 4.00, IF(T14>=81, 3.50, IF(T14>=70, 3.00, IF(T14>=65, 2.50, IF(T14>=60, 2.00, IF(T14>=55, 1.50, IF(T14>=50, 1.00, 0.00))))))) | V14: =IF(T14>=91,"A",IF(T14>=81,"B+",IF(T14>=70,"B",IF(T14>=65,"C+",IF(T14>=60,"C",IF(T14>=55,"D+",IF(T14>=50,"D","F"))))))) | W14: 80 | X14: =IF(W14>=91, 4.00, IF(W14>=81, 3.50, IF(W14>=70, 3.00, IF(W14>=65, 2.50, IF(W14>=60, 2.00, IF(W14>=55, 1.50, IF(W14>=50, 1.00, 0.00))))))) | Y14: =IF(W14>=91,"A",IF(W14>=81,"B+",IF(W14>=70,"B",IF(W14>=65,"C+",IF(W14>=60,"C",IF(W14>=55,"D+",IF(W14>=50,"D","F"))))))) | Z14: 87.84 | AA14: =IF(Z14>=91, 4.00, IF(Z14>=81, 3.50, IF(Z14>=70, 3.00, IF(Z14>=65, 2.50, IF(Z14>=60, 2.00, IF(Z14>=55, 1.50, IF(Z14>=50, 1.00, 0.00))))))) | AB14: =IF(Z14>=91,"A",IF(Z14>=81,"B+",IF(Z14>=70,"B",IF(Z14>=65,"C+",IF(Z14>=60,"C",IF(Z14>=55,"D+",IF(Z14>=50,"D","F"))))))) | AC14: 75 | AD14: =IF(AC14>=91, 4.00, IF(AC14>=81, 3.50, IF(AC14>=70, 3.00, IF(AC14>=65, 2.50, IF(AC14>=60, 2.00, IF(AC14>=55, 1.50, IF(AC14>=50, 1.00, 0.00))))))) | AE14: =IF(AC14>=91,"A",IF(AC14>=81,"B+",IF(AC14>=70,"B",IF(AC14>=65,"C+",IF(AC14>=60,"C",IF(AC14>=55,"D+",IF(AC14>=50,"D","F"))))))) | AF14: 91 | AG14: =IF(AF14>=91, 4.00, IF(AF14>=81, 3.50, IF(AF14>=70, 3.00, IF(AF14>=65, 2.50, IF(AF14>=60, 2.00, IF(AF14>=55, 1.50, IF(AF14>=50, 1.00, 0.00))))))) | AH14: =IF(AF14>=91,"A",IF(AF14>=81,"B+",IF(AF14>=70,"B",IF(AF14>=65,"C+",IF(AF14>=60,"C",IF(AF14>=55,"D+",IF(AF14>=50,"D","F"))))))) | AI14: 88 | AJ14: =IF(AI14>=91, 4.00, IF(AI14>=81, 3.50, IF(AI14>=70, 3.00, IF(AI14>=65, 2.50, IF(AI14>=60, 2.00, IF(AI14>=55, 1.50, IF(AI14>=50, 1.00, 0.00))))))) | AK14: =IF(AI14>=91,"A",IF(AI14>=81,"B+",IF(AI14>=70,"B",IF(AI14>=65,"C+",IF(AI14>=60,"C",IF(AI14>=55,"D+",IF(AI14>=50,"D","F"))))))) | AL14: =ROUND((L14*3+O14*2+R14*1+U14*2+X14*1+AA14*2+AD14*2+AG14*2+AJ14*2)/17, 2) | AM14: 93 | AN14: =IF(AM14>=91, 4.00, IF(AM14>=81, 3.50, IF(AM14>=70, 3.00, IF(AM14>=65, 2.50, IF(AM14>=60, 2.00, IF(AM14>=55, 1.50, IF(AM14>=50, 1.00, 0.00))))))) | AO14: =IF(AM14>=91,"A",IF(AM14>=81,"B+",IF(AM14>=70,"B",IF(AM14>=65,"C+",IF(AM14>=60,"C",IF(AM14>=55,"D+",IF(AM14>=50,"D","F"))))))) | AP14: ນາງ | AQ14: =IF(AP14>=91, 4.00, IF(AP14>=81, 3.50, IF(AP14>=70, 3.00, IF(AP14>=65, 2.50, IF(AP14>=60, 2.00, IF(AP14>=55, 1.50, IF(AP14>=50, 1.00, 0.00))))))) | AR14: =IF(AP14>=91,"A",IF(AP14>=81,"B+",IF(AP14>=70,"B",IF(AP14>=65,"C+",IF(AP14>=60,"C",IF(AP14>=55,"D+",IF(AP14>=50,"D","F"))))))) | AS14: Ms.Khueangern | AT14: =IF(AS14>=91, 4.00, IF(AS14>=81, 3.50, IF(AS14>=70, 3.00, IF(AS14>=65, 2.50, IF(AS14>=60, 2.00, IF(AS14>=55, 1.50, IF(AS14>=50, 1.00, 0.00))))))) | AU14: =IF(AS14>=91,"A",IF(AS14>=81,"B+",IF(AS14>=70,"B",IF(AS14>=65,"C+",IF(AS14>=60,"C",IF(AS14>=55,"D+",IF(AS14>=50,"D","F"))))))) | AV14: ນະຄອນຫຼວງວຽງຈັນ | AW14: =IF(AV14>=91, 4.00, IF(AV14>=81, 3.50, IF(AV14>=70, 3.00, IF(AV14>=65, 2.50, IF(AV14>=60, 2.00, IF(AV14>=55, 1.50, IF(AV14>=50, 1.00, 0.00))))))) | AX14: =IF(AV14>=91,"A",IF(AV14>=81,"B+",IF(AV14>=70,"B",IF(AV14>=65,"C+",IF(AV14>=60,"C",IF(AV14>=55,"D+",IF(AV14>=50,"D","F"))))))) | AY14: =IF(AW14>90,"A",IF(AW14>80,"B+",IF(AW14>69,"B",IF(AW14>64,"C+",IF(AW14>59,"C",IF(AW14>54,"D+",IF(AW14>49,"D",IF(AW14>=0,"F")))))))) -> A | AZ14: =IF(AY14>=91, 4.00, IF(AY14>=81, 3.50, IF(AY14>=70, 3.00, IF(AY14>=65, 2.50, IF(AY14>=60, 2.00, IF(AY14>=55, 1.50, IF(AY14>=50, 1.00, 0.00))))))) | BA14: =IF(AY14>=91,"A",IF(AY14>=81,"B+",IF(AY14>=70,"B",IF(AY14>=65,"C+",IF(AY14>=60,"C",IF(AY14>=55,"D+",IF(AY14>=50,"D","F"))))))) | BB14: =IF(AZ14>90,"A",IF(AZ14>80,"B+",IF(AZ14>69,"B",IF(AZ14>64,"C+",IF(AZ14>59,"C",IF(AZ14>54,"D+",IF(AZ14>49,"D",IF(AZ14>=0,"F")))))))) -> B+ | BC14: =IF(BB14>=91, 4.00, IF(BB14>=81, 3.50, IF(BB14>=70, 3.00, IF(BB14>=65, 2.50, IF(BB14>=60, 2.00, IF(BB14>=55, 1.50, IF(BB14>=50, 1.00, 0.00))))))) | BD14: =IF(BB14>=91,"A",IF(BB14>=81,"B+",IF(BB14>=70,"B",IF(BB14>=65,"C+",IF(BB14>=60,"C",IF(BB14>=55,"D+",IF(BB14>=50,"D","F"))))))) | BE14: =IF(BC14>90,"A",IF(BC14>80,"B+",IF(BC14>69,"B",IF(BC14>64,"C+",IF(BC14>59,"C",IF(BC14>54,"D+",IF(BC14>49,"D",IF(BC14>=0,"F")))))))) -> B+ | BF14: =IF(BE14>=91, 4.00, IF(BE14>=81, 3.50, IF(BE14>=70, 3.00, IF(BE14>=65, 2.50, IF(BE14>=60, 2.00, IF(BE14>=55, 1.50, IF(BE14>=50, 1.00, 0.00))))))) | BG14: =IF(BE14>=91,"A",IF(BE14>=81,"B+",IF(BE14>=70,"B",IF(BE14>=65,"C+",IF(BE14>=60,"C",IF(BE14>=55,"D+",IF(BE14>=50,"D","F"))))))) | BH14: =IF(BF14>90,"A",IF(BF14>80,"B+",IF(BF14>69,"B",IF(BF14>64,"C+",IF(BF14>59,"C",IF(BF14>54,"D+",IF(BF14>49,"D",IF(BF14>=0,"F")))))))) -> A | BI14: =IF(BH14>=91, 4.00, IF(BH14>=81, 3.50, IF(BH14>=70, 3.00, IF(BH14>=65, 2.50, IF(BH14>=60, 2.00, IF(BH14>=55, 1.50, IF(BH14>=50, 1.00, 0.00))))))) | BJ14: =IF(BH14>=91,"A",IF(BH14>=81,"B+",IF(BH14>=70,"B",IF(BH14>=65,"C+",IF(BH14>=60,"C",IF(BH14>=55,"D+",IF(BH14>=50,"D","F"))))))) | BK14: =IF(BI14>90,"A",IF(BI14>80,"B+",IF(BI14>69,"B",IF(BI14>64,"C+",IF(BI14>59,"C",IF(BI14>54,"D+",IF(BI14>49,"D",IF(BI14>=0,"F")))))))) -> B | BL14: =IF(BK14>=91, 4.00, IF(BK14>=81, 3.50, IF(BK14>=70, 3.00, IF(BK14>=65, 2.50, IF(BK14>=60, 2.00, IF(BK14>=55, 1.50, IF(BK14>=50, 1.00, 0.00))))))) | BM14: =IF(BK14>=91,"A",IF(BK14>=81,"B+",IF(BK14>=70,"B",IF(BK14>=65,"C+",IF(BK14>=60,"C",IF(BK14>=55,"D+",IF(BK14>=50,"D","F"))))))) | BN14: =IF(BL14>90,"A",IF(BL14>80,"B+",IF(BL14>69,"B",IF(BL14>64,"C+",IF(BL14>59,"C",IF(BL14>54,"D+",IF(BL14>49,"D",IF(BL14>=0,"F")))))))) -> B+ | BO14: =IF(BN14>=91, 4.00, IF(BN14>=81, 3.50, IF(BN14>=70, 3.00, IF(BN14>=65, 2.50, IF(BN14>=60, 2.00, IF(BN14>=55, 1.50, IF(BN14>=50, 1.00, 0.00))))))) | BP14: =IF(BN14>=91,"A",IF(BN14>=81,"B+",IF(BN14>=70,"B",IF(BN14>=65,"C+",IF(BN14>=60,"C",IF(BN14>=55,"D+",IF(BN14>=50,"D","F"))))))) | BQ14: =ROUND((AN14*3+AQ14*2+AT14*1+AW14*2+AZ14*1+BC14*1+BF14*2+BI14*2+BL14*2+BO14*3)/19, 2) | BR14: 84 | BS14: =IF(BR14>90,"4.00",IF(BR14>80,"3.50",IF(BR14>69,"3.00",IF(BR14>64,"2.50",IF(BR14>59,"2.00",IF(BR14>54,"1.50",IF(BR14>49,"1.00","0.00"))))))) -> 3.50 | BT14: =IF(BR14>90,"A",IF(BR14>80,"B+",IF(BR14>69,"B",IF(BR14>64,"C+",IF(BR14>59,"C",IF(BR14>54,"D+",IF(BR14>49,"D",IF(BR14>=0,"F")))))))) -> B+ | BU14: 74 | BV14: =IF(BU14>90,"4.00",IF(BU14>80,"3.50",IF(BU14>69,"3.00",IF(BU14>64,"2.50",IF(BU14>59,"2.00",IF(BU14>54,"1.50",IF(BU14>49,"1.00","0.00"))))))) -> 3.00 | BW14: =IF(BU14>90,"A",IF(BU14>80,"B+",IF(BU14>69,"B",IF(BU14>64,"C+",IF(BU14>59,"C",IF(BU14>54,"D+",IF(BU14>49,"D",IF(BU14>=0,"F")))))))) -> B | BX14: =(AX14*3+BA14*2+BD14*1+BG14*2+BJ14*1+BM14*1+BP14*2+BS14*2+BV14*2)/(3+2+1+2+1+1+2+2+2) -> 3.5 | BY14: =(AL14+BX14)/2 -> 3.3823529 | BZ14: =RANK(BY14,$BY$7:BY42) -> 4
A15: 9 | B15: 125N0618/23 | C15: ທ້າວ | D15: ສຸກສາຄອນ | E15: ສີຫາໂຄດ | F15: Mr.Souksakhone | G15: SIHAKHOTH | H15: 28/10/2002 | I15: ນະຄອນຫຼວງວຽງຈັນ | J15: 1 | K15: 65 | L15: =IF(K15>=91, 4.00, IF(K15>=81, 3.50, IF(K15>=70, 3.00, IF(K15>=65, 2.50, IF(K15>=60, 2.00, IF(K15>=55, 1.50, IF(K15>=50, 1.00, 0.00))))))) | M15: =IF(K15>=91,"A",IF(K15>=81,"B+",IF(K15>=70,"B",IF(K15>=65,"C+",IF(K15>=60,"C",IF(K15>=55,"D+",IF(K15>=50,"D","F"))))))) | N15: 82 | O15: =IF(N15>=91, 4.00, IF(N15>=81, 3.50, IF(N15>=70, 3.00, IF(N15>=65, 2.50, IF(N15>=60, 2.00, IF(N15>=55, 1.50, IF(N15>=50, 1.00, 0.00))))))) | P15: =IF(N15>=91,"A",IF(N15>=81,"B+",IF(N15>=70,"B",IF(N15>=65,"C+",IF(N15>=60,"C",IF(N15>=55,"D+",IF(N15>=50,"D","F"))))))) | Q15: 89 | R15: =IF(Q15>=91, 4.00, IF(Q15>=81, 3.50, IF(Q15>=70, 3.00, IF(Q15>=65, 2.50, IF(Q15>=60, 2.00, IF(Q15>=55, 1.50, IF(Q15>=50, 1.00, 0.00))))))) | S15: =IF(Q15>=91,"A",IF(Q15>=81,"B+",IF(Q15>=70,"B",IF(Q15>=65,"C+",IF(Q15>=60,"C",IF(Q15>=55,"D+",IF(Q15>=50,"D","F"))))))) | T15: 59 | U15: =IF(T15>=91, 4.00, IF(T15>=81, 3.50, IF(T15>=70, 3.00, IF(T15>=65, 2.50, IF(T15>=60, 2.00, IF(T15>=55, 1.50, IF(T15>=50, 1.00, 0.00))))))) | V15: =IF(T15>=91,"A",IF(T15>=81,"B+",IF(T15>=70,"B",IF(T15>=65,"C+",IF(T15>=60,"C",IF(T15>=55,"D+",IF(T15>=50,"D","F"))))))) | W15: 55 | X15: =IF(W15>=91, 4.00, IF(W15>=81, 3.50, IF(W15>=70, 3.00, IF(W15>=65, 2.50, IF(W15>=60, 2.00, IF(W15>=55, 1.50, IF(W15>=50, 1.00, 0.00))))))) | Y15: =IF(W15>=91,"A",IF(W15>=81,"B+",IF(W15>=70,"B",IF(W15>=65,"C+",IF(W15>=60,"C",IF(W15>=55,"D+",IF(W15>=50,"D","F"))))))) | Z15: 85.43 | AA15: =IF(Z15>=91, 4.00, IF(Z15>=81, 3.50, IF(Z15>=70, 3.00, IF(Z15>=65, 2.50, IF(Z15>=60, 2.00, IF(Z15>=55, 1.50, IF(Z15>=50, 1.00, 0.00))))))) | AB15: =IF(Z15>=91,"A",IF(Z15>=81,"B+",IF(Z15>=70,"B",IF(Z15>=65,"C+",IF(Z15>=60,"C",IF(Z15>=55,"D+",IF(Z15>=50,"D","F"))))))) | AC15: 81.75 | AD15: =IF(AC15>=91, 4.00, IF(AC15>=81, 3.50, IF(AC15>=70, 3.00, IF(AC15>=65, 2.50, IF(AC15>=60, 2.00, IF(AC15>=55, 1.50, IF(AC15>=50, 1.00, 0.00))))))) | AE15: =IF(AC15>=91,"A",IF(AC15>=81,"B+",IF(AC15>=70,"B",IF(AC15>=65,"C+",IF(AC15>=60,"C",IF(AC15>=55,"D+",IF(AC15>=50,"D","F"))))))) | AF15: 88 | AG15: =IF(AF15>=91, 4.00, IF(AF15>=81, 3.50, IF(AF15>=70, 3.00, IF(AF15>=65, 2.50, IF(AF15>=60, 2.00, IF(AF15>=55, 1.50, IF(AF15>=50, 1.00, 0.00))))))) | AH15: =IF(AF15>=91,"A",IF(AF15>=81,"B+",IF(AF15>=70,"B",IF(AF15>=65,"C+",IF(AF15>=60,"C",IF(AF15>=55,"D+",IF(AF15>=50,"D","F"))))))) | AI15: 89 | AJ15: =IF(AI15>=91, 4.00, IF(AI15>=81, 3.50, IF(AI15>=70, 3.00, IF(AI15>=65, 2.50, IF(AI15>=60, 2.00, IF(AI15>=55, 1.50, IF(AI15>=50, 1.00, 0.00))))))) | AK15: =IF(AI15>=91,"A",IF(AI15>=81,"B+",IF(AI15>=70,"B",IF(AI15>=65,"C+",IF(AI15>=60,"C",IF(AI15>=55,"D+",IF(AI15>=50,"D","F"))))))) | AL15: =ROUND((L15*3+O15*2+R15*1+U15*2+X15*1+AA15*2+AD15*2+AG15*2+AJ15*2)/17, 2) | AM15: 75 | AN15: =IF(AM15>=91, 4.00, IF(AM15>=81, 3.50, IF(AM15>=70, 3.00, IF(AM15>=65, 2.50, IF(AM15>=60, 2.00, IF(AM15>=55, 1.50, IF(AM15>=50, 1.00, 0.00))))))) | AO15: =IF(AM15>=91,"A",IF(AM15>=81,"B+",IF(AM15>=70,"B",IF(AM15>=65,"C+",IF(AM15>=60,"C",IF(AM15>=55,"D+",IF(AM15>=50,"D","F"))))))) | AP15: ທ້າວ | AQ15: =IF(AP15>=91, 4.00, IF(AP15>=81, 3.50, IF(AP15>=70, 3.00, IF(AP15>=65, 2.50, IF(AP15>=60, 2.00, IF(AP15>=55, 1.50, IF(AP15>=50, 1.00, 0.00))))))) | AR15: =IF(AP15>=91,"A",IF(AP15>=81,"B+",IF(AP15>=70,"B",IF(AP15>=65,"C+",IF(AP15>=60,"C",IF(AP15>=55,"D+",IF(AP15>=50,"D","F"))))))) | AS15: Mr.Souksakhone | AT15: =IF(AS15>=91, 4.00, IF(AS15>=81, 3.50, IF(AS15>=70, 3.00, IF(AS15>=65, 2.50, IF(AS15>=60, 2.00, IF(AS15>=55, 1.50, IF(AS15>=50, 1.00, 0.00))))))) | AU15: =IF(AS15>=91,"A",IF(AS15>=81,"B+",IF(AS15>=70,"B",IF(AS15>=65,"C+",IF(AS15>=60,"C",IF(AS15>=55,"D+",IF(AS15>=50,"D","F"))))))) | AV15: ນະຄອນຫຼວງວຽງຈັນ | AW15: =IF(AV15>=91, 4.00, IF(AV15>=81, 3.50, IF(AV15>=70, 3.00, IF(AV15>=65, 2.50, IF(AV15>=60, 2.00, IF(AV15>=55, 1.50, IF(AV15>=50, 1.00, 0.00))))))) | AX15: =IF(AV15>=91,"A",IF(AV15>=81,"B+",IF(AV15>=70,"B",IF(AV15>=65,"C+",IF(AV15>=60,"C",IF(AV15>=55,"D+",IF(AV15>=50,"D","F"))))))) | AY15: =IF(AW15>90,"A",IF(AW15>80,"B+",IF(AW15>69,"B",IF(AW15>64,"C+",IF(AW15>59,"C",IF(AW15>54,"D+",IF(AW15>49,"D",IF(AW15>=0,"F")))))))) -> C | AZ15: =IF(AY15>=91, 4.00, IF(AY15>=81, 3.50, IF(AY15>=70, 3.00, IF(AY15>=65, 2.50, IF(AY15>=60, 2.00, IF(AY15>=55, 1.50, IF(AY15>=50, 1.00, 0.00))))))) | BA15: =IF(AY15>=91,"A",IF(AY15>=81,"B+",IF(AY15>=70,"B",IF(AY15>=65,"C+",IF(AY15>=60,"C",IF(AY15>=55,"D+",IF(AY15>=50,"D","F"))))))) | BB15: =IF(AZ15>90,"A",IF(AZ15>80,"B+",IF(AZ15>69,"B",IF(AZ15>64,"C+",IF(AZ15>59,"C",IF(AZ15>54,"D+",IF(AZ15>49,"D",IF(AZ15>=0,"F")))))))) -> B | BC15: =IF(BB15>=91, 4.00, IF(BB15>=81, 3.50, IF(BB15>=70, 3.00, IF(BB15>=65, 2.50, IF(BB15>=60, 2.00, IF(BB15>=55, 1.50, IF(BB15>=50, 1.00, 0.00))))))) | BD15: =IF(BB15>=91,"A",IF(BB15>=81,"B+",IF(BB15>=70,"B",IF(BB15>=65,"C+",IF(BB15>=60,"C",IF(BB15>=55,"D+",IF(BB15>=50,"D","F"))))))) | BE15: =IF(BC15>90,"A",IF(BC15>80,"B+",IF(BC15>69,"B",IF(BC15>64,"C+",IF(BC15>59,"C",IF(BC15>54,"D+",IF(BC15>49,"D",IF(BC15>=0,"F")))))))) -> C | BF15: =IF(BE15>=91, 4.00, IF(BE15>=81, 3.50, IF(BE15>=70, 3.00, IF(BE15>=65, 2.50, IF(BE15>=60, 2.00, IF(BE15>=55, 1.50, IF(BE15>=50, 1.00, 0.00))))))) | BG15: =IF(BE15>=91,"A",IF(BE15>=81,"B+",IF(BE15>=70,"B",IF(BE15>=65,"C+",IF(BE15>=60,"C",IF(BE15>=55,"D+",IF(BE15>=50,"D","F"))))))) | BH15: =IF(BF15>90,"A",IF(BF15>80,"B+",IF(BF15>69,"B",IF(BF15>64,"C+",IF(BF15>59,"C",IF(BF15>54,"D+",IF(BF15>49,"D",IF(BF15>=0,"F")))))))) -> B | BI15: =IF(BH15>=91, 4.00, IF(BH15>=81, 3.50, IF(BH15>=70, 3.00, IF(BH15>=65, 2.50, IF(BH15>=60, 2.00, IF(BH15>=55, 1.50, IF(BH15>=50, 1.00, 0.00))))))) | BJ15: =IF(BH15>=91,"A",IF(BH15>=81,"B+",IF(BH15>=70,"B",IF(BH15>=65,"C+",IF(BH15>=60,"C",IF(BH15>=55,"D+",IF(BH15>=50,"D","F"))))))) | BK15: =IF(BI15>90,"A",IF(BI15>80,"B+",IF(BI15>69,"B",IF(BI15>64,"C+",IF(BI15>59,"C",IF(BI15>54,"D+",IF(BI15>49,"D",IF(BI15>=0,"F")))))))) -> B | BL15: =IF(BK15>=91, 4.00, IF(BK15>=81, 3.50, IF(BK15>=70, 3.00, IF(BK15>=65, 2.50, IF(BK15>=60, 2.00, IF(BK15>=55, 1.50, IF(BK15>=50, 1.00, 0.00))))))) | BM15: =IF(BK15>=91,"A",IF(BK15>=81,"B+",IF(BK15>=70,"B",IF(BK15>=65,"C+",IF(BK15>=60,"C",IF(BK15>=55,"D+",IF(BK15>=50,"D","F"))))))) | BN15: =IF(BL15>90,"A",IF(BL15>80,"B+",IF(BL15>69,"B",IF(BL15>64,"C+",IF(BL15>59,"C",IF(BL15>54,"D+",IF(BL15>49,"D",IF(BL15>=0,"F")))))))) -> C | BO15: =IF(BN15>=91, 4.00, IF(BN15>=81, 3.50, IF(BN15>=70, 3.00, IF(BN15>=65, 2.50, IF(BN15>=60, 2.00, IF(BN15>=55, 1.50, IF(BN15>=50, 1.00, 0.00))))))) | BP15: =IF(BN15>=91,"A",IF(BN15>=81,"B+",IF(BN15>=70,"B",IF(BN15>=65,"C+",IF(BN15>=60,"C",IF(BN15>=55,"D+",IF(BN15>=50,"D","F"))))))) | BQ15: =ROUND((AN15*3+AQ15*2+AT15*1+AW15*2+AZ15*1+BC15*1+BF15*2+BI15*2+BL15*2+BO15*3)/19, 2) | BR15: 67 | BS15: =IF(BR15>90,"4.00",IF(BR15>80,"3.50",IF(BR15>69,"3.00",IF(BR15>64,"2.50",IF(BR15>59,"2.00",IF(BR15>54,"1.50",IF(BR15>49,"1.00","0.00"))))))) -> 2.50 | BT15: =IF(BR15>90,"A",IF(BR15>80,"B+",IF(BR15>69,"B",IF(BR15>64,"C+",IF(BR15>59,"C",IF(BR15>54,"D+",IF(BR15>49,"D",IF(BR15>=0,"F")))))))) -> C+ | BU15: 74 | BV15: =IF(BU15>90,"4.00",IF(BU15>80,"3.50",IF(BU15>69,"3.00",IF(BU15>64,"2.50",IF(BU15>59,"2.00",IF(BU15>54,"1.50",IF(BU15>49,"1.00","0.00"))))))) -> 3.00 | BW15: =IF(BU15>90,"A",IF(BU15>80,"B+",IF(BU15>69,"B",IF(BU15>64,"C+",IF(BU15>59,"C",IF(BU15>54,"D+",IF(BU15>49,"D",IF(BU15>=0,"F")))))))) -> B | BX15: =(AX15*3+BA15*2+BD15*1+BG15*2+BJ15*1+BM15*1+BP15*2+BS15*2+BV15*2)/(3+2+1+2+1+1+2+2+2) -> 2.625 | BY15: =(AL15+BX15)/2 -> 2.6948529 | BZ15: =RANK(BY15,$BY$7:BY43) -> 14
A16: 10 | B16: 125N0619/23 | C16: ທ້າວ | D16: ຕຸລາກອນ | E16: ມະໄລລັກ | F16: Mr.Toulakone | G16: MALAYLUCK | H16: 19/10/2003 | I16: ນະຄອນຫຼວງວຽງຈັນ | J16: 1 | K16: 78 | L16: =IF(K16>=91, 4.00, IF(K16>=81, 3.50, IF(K16>=70, 3.00, IF(K16>=65, 2.50, IF(K16>=60, 2.00, IF(K16>=55, 1.50, IF(K16>=50, 1.00, 0.00))))))) | M16: =IF(K16>=91,"A",IF(K16>=81,"B+",IF(K16>=70,"B",IF(K16>=65,"C+",IF(K16>=60,"C",IF(K16>=55,"D+",IF(K16>=50,"D","F"))))))) | N16: 93 | O16: =IF(N16>=91, 4.00, IF(N16>=81, 3.50, IF(N16>=70, 3.00, IF(N16>=65, 2.50, IF(N16>=60, 2.00, IF(N16>=55, 1.50, IF(N16>=50, 1.00, 0.00))))))) | P16: =IF(N16>=91,"A",IF(N16>=81,"B+",IF(N16>=70,"B",IF(N16>=65,"C+",IF(N16>=60,"C",IF(N16>=55,"D+",IF(N16>=50,"D","F"))))))) | Q16: 79 | R16: =IF(Q16>=91, 4.00, IF(Q16>=81, 3.50, IF(Q16>=70, 3.00, IF(Q16>=65, 2.50, IF(Q16>=60, 2.00, IF(Q16>=55, 1.50, IF(Q16>=50, 1.00, 0.00))))))) | S16: =IF(Q16>=91,"A",IF(Q16>=81,"B+",IF(Q16>=70,"B",IF(Q16>=65,"C+",IF(Q16>=60,"C",IF(Q16>=55,"D+",IF(Q16>=50,"D","F"))))))) | T16: 76 | U16: =IF(T16>=91, 4.00, IF(T16>=81, 3.50, IF(T16>=70, 3.00, IF(T16>=65, 2.50, IF(T16>=60, 2.00, IF(T16>=55, 1.50, IF(T16>=50, 1.00, 0.00))))))) | V16: =IF(T16>=91,"A",IF(T16>=81,"B+",IF(T16>=70,"B",IF(T16>=65,"C+",IF(T16>=60,"C",IF(T16>=55,"D+",IF(T16>=50,"D","F"))))))) | W16: 68 | X16: =IF(W16>=91, 4.00, IF(W16>=81, 3.50, IF(W16>=70, 3.00, IF(W16>=65, 2.50, IF(W16>=60, 2.00, IF(W16>=55, 1.50, IF(W16>=50, 1.00, 0.00))))))) | Y16: =IF(W16>=91,"A",IF(W16>=81,"B+",IF(W16>=70,"B",IF(W16>=65,"C+",IF(W16>=60,"C",IF(W16>=55,"D+",IF(W16>=50,"D","F"))))))) | Z16: 85.9 | AA16: =IF(Z16>=91, 4.00, IF(Z16>=81, 3.50, IF(Z16>=70, 3.00, IF(Z16>=65, 2.50, IF(Z16>=60, 2.00, IF(Z16>=55, 1.50, IF(Z16>=50, 1.00, 0.00))))))) | AB16: =IF(Z16>=91,"A",IF(Z16>=81,"B+",IF(Z16>=70,"B",IF(Z16>=65,"C+",IF(Z16>=60,"C",IF(Z16>=55,"D+",IF(Z16>=50,"D","F"))))))) | AC16: 77.5 | AD16: =IF(AC16>=91, 4.00, IF(AC16>=81, 3.50, IF(AC16>=70, 3.00, IF(AC16>=65, 2.50, IF(AC16>=60, 2.00, IF(AC16>=55, 1.50, IF(AC16>=50, 1.00, 0.00))))))) | AE16: =IF(AC16>=91,"A",IF(AC16>=81,"B+",IF(AC16>=70,"B",IF(AC16>=65,"C+",IF(AC16>=60,"C",IF(AC16>=55,"D+",IF(AC16>=50,"D","F"))))))) | AF16: 82 | AG16: =IF(AF16>=91, 4.00, IF(AF16>=81, 3.50, IF(AF16>=70, 3.00, IF(AF16>=65, 2.50, IF(AF16>=60, 2.00, IF(AF16>=55, 1.50, IF(AF16>=50, 1.00, 0.00))))))) | AH16: =IF(AF16>=91,"A",IF(AF16>=81,"B+",IF(AF16>=70,"B",IF(AF16>=65,"C+",IF(AF16>=60,"C",IF(AF16>=55,"D+",IF(AF16>=50,"D","F"))))))) | AI16: 90 | AJ16: =IF(AI16>=91, 4.00, IF(AI16>=81, 3.50, IF(AI16>=70, 3.00, IF(AI16>=65, 2.50, IF(AI16>=60, 2.00, IF(AI16>=55, 1.50, IF(AI16>=50, 1.00, 0.00))))))) | AK16: =IF(AI16>=91,"A",IF(AI16>=81,"B+",IF(AI16>=70,"B",IF(AI16>=65,"C+",IF(AI16>=60,"C",IF(AI16>=55,"D+",IF(AI16>=50,"D","F"))))))) | AL16: =ROUND((L16*3+O16*2+R16*1+U16*2+X16*1+AA16*2+AD16*2+AG16*2+AJ16*2)/17, 2) | AM16: 78 | AN16: =IF(AM16>=91, 4.00, IF(AM16>=81, 3.50, IF(AM16>=70, 3.00, IF(AM16>=65, 2.50, IF(AM16>=60, 2.00, IF(AM16>=55, 1.50, IF(AM16>=50, 1.00, 0.00))))))) | AO16: =IF(AM16>=91,"A",IF(AM16>=81,"B+",IF(AM16>=70,"B",IF(AM16>=65,"C+",IF(AM16>=60,"C",IF(AM16>=55,"D+",IF(AM16>=50,"D","F"))))))) | AP16: ທ້າວ | AQ16: =IF(AP16>=91, 4.00, IF(AP16>=81, 3.50, IF(AP16>=70, 3.00, IF(AP16>=65, 2.50, IF(AP16>=60, 2.00, IF(AP16>=55, 1.50, IF(AP16>=50, 1.00, 0.00))))))) | AR16: =IF(AP16>=91,"A",IF(AP16>=81,"B+",IF(AP16>=70,"B",IF(AP16>=65,"C+",IF(AP16>=60,"C",IF(AP16>=55,"D+",IF(AP16>=50,"D","F"))))))) | AS16: Mr.Toulakone | AT16: =IF(AS16>=91, 4.00, IF(AS16>=81, 3.50, IF(AS16>=70, 3.00, IF(AS16>=65, 2.50, IF(AS16>=60, 2.00, IF(AS16>=55, 1.50, IF(AS16>=50, 1.00, 0.00))))))) | AU16: =IF(AS16>=91,"A",IF(AS16>=81,"B+",IF(AS16>=70,"B",IF(AS16>=65,"C+",IF(AS16>=60,"C",IF(AS16>=55,"D+",IF(AS16>=50,"D","F"))))))) | AV16: ນະຄອນຫຼວງວຽງຈັນ | AW16: =IF(AV16>=91, 4.00, IF(AV16>=81, 3.50, IF(AV16>=70, 3.00, IF(AV16>=65, 2.50, IF(AV16>=60, 2.00, IF(AV16>=55, 1.50, IF(AV16>=50, 1.00, 0.00))))))) | AX16: =IF(AV16>=91,"A",IF(AV16>=81,"B+",IF(AV16>=70,"B",IF(AV16>=65,"C+",IF(AV16>=60,"C",IF(AV16>=55,"D+",IF(AV16>=50,"D","F"))))))) | AY16: =IF(AW16>90,"A",IF(AW16>80,"B+",IF(AW16>69,"B",IF(AW16>64,"C+",IF(AW16>59,"C",IF(AW16>54,"D+",IF(AW16>49,"D",IF(AW16>=0,"F")))))))) -> B | AZ16: =IF(AY16>=91, 4.00, IF(AY16>=81, 3.50, IF(AY16>=70, 3.00, IF(AY16>=65, 2.50, IF(AY16>=60, 2.00, IF(AY16>=55, 1.50, IF(AY16>=50, 1.00, 0.00))))))) | BA16: =IF(AY16>=91,"A",IF(AY16>=81,"B+",IF(AY16>=70,"B",IF(AY16>=65,"C+",IF(AY16>=60,"C",IF(AY16>=55,"D+",IF(AY16>=50,"D","F"))))))) | BB16: =IF(AZ16>90,"A",IF(AZ16>80,"B+",IF(AZ16>69,"B",IF(AZ16>64,"C+",IF(AZ16>59,"C",IF(AZ16>54,"D+",IF(AZ16>49,"D",IF(AZ16>=0,"F")))))))) -> B | BC16: =IF(BB16>=91, 4.00, IF(BB16>=81, 3.50, IF(BB16>=70, 3.00, IF(BB16>=65, 2.50, IF(BB16>=60, 2.00, IF(BB16>=55, 1.50, IF(BB16>=50, 1.00, 0.00))))))) | BD16: =IF(BB16>=91,"A",IF(BB16>=81,"B+",IF(BB16>=70,"B",IF(BB16>=65,"C+",IF(BB16>=60,"C",IF(BB16>=55,"D+",IF(BB16>=50,"D","F"))))))) | BE16: =IF(BC16>90,"A",IF(BC16>80,"B+",IF(BC16>69,"B",IF(BC16>64,"C+",IF(BC16>59,"C",IF(BC16>54,"D+",IF(BC16>49,"D",IF(BC16>=0,"F")))))))) -> D+ | BF16: =IF(BE16>=91, 4.00, IF(BE16>=81, 3.50, IF(BE16>=70, 3.00, IF(BE16>=65, 2.50, IF(BE16>=60, 2.00, IF(BE16>=55, 1.50, IF(BE16>=50, 1.00, 0.00))))))) | BG16: =IF(BE16>=91,"A",IF(BE16>=81,"B+",IF(BE16>=70,"B",IF(BE16>=65,"C+",IF(BE16>=60,"C",IF(BE16>=55,"D+",IF(BE16>=50,"D","F"))))))) | BH16: =IF(BF16>90,"A",IF(BF16>80,"B+",IF(BF16>69,"B",IF(BF16>64,"C+",IF(BF16>59,"C",IF(BF16>54,"D+",IF(BF16>49,"D",IF(BF16>=0,"F")))))))) -> B | BI16: =IF(BH16>=91, 4.00, IF(BH16>=81, 3.50, IF(BH16>=70, 3.00, IF(BH16>=65, 2.50, IF(BH16>=60, 2.00, IF(BH16>=55, 1.50, IF(BH16>=50, 1.00, 0.00))))))) | BJ16: =IF(BH16>=91,"A",IF(BH16>=81,"B+",IF(BH16>=70,"B",IF(BH16>=65,"C+",IF(BH16>=60,"C",IF(BH16>=55,"D+",IF(BH16>=50,"D","F"))))))) | BK16: =IF(BI16>90,"A",IF(BI16>80,"B+",IF(BI16>69,"B",IF(BI16>64,"C+",IF(BI16>59,"C",IF(BI16>54,"D+",IF(BI16>49,"D",IF(BI16>=0,"F")))))))) -> B+ | BL16: =IF(BK16>=91, 4.00, IF(BK16>=81, 3.50, IF(BK16>=70, 3.00, IF(BK16>=65, 2.50, IF(BK16>=60, 2.00, IF(BK16>=55, 1.50, IF(BK16>=50, 1.00, 0.00))))))) | BM16: =IF(BK16>=91,"A",IF(BK16>=81,"B+",IF(BK16>=70,"B",IF(BK16>=65,"C+",IF(BK16>=60,"C",IF(BK16>=55,"D+",IF(BK16>=50,"D","F"))))))) | BN16: =IF(BL16>90,"A",IF(BL16>80,"B+",IF(BL16>69,"B",IF(BL16>64,"C+",IF(BL16>59,"C",IF(BL16>54,"D+",IF(BL16>49,"D",IF(BL16>=0,"F")))))))) -> B | BO16: =IF(BN16>=91, 4.00, IF(BN16>=81, 3.50, IF(BN16>=70, 3.00, IF(BN16>=65, 2.50, IF(BN16>=60, 2.00, IF(BN16>=55, 1.50, IF(BN16>=50, 1.00, 0.00))))))) | BP16: =IF(BN16>=91,"A",IF(BN16>=81,"B+",IF(BN16>=70,"B",IF(BN16>=65,"C+",IF(BN16>=60,"C",IF(BN16>=55,"D+",IF(BN16>=50,"D","F"))))))) | BQ16: =ROUND((AN16*3+AQ16*2+AT16*1+AW16*2+AZ16*1+BC16*1+BF16*2+BI16*2+BL16*2+BO16*3)/19, 2) | BR16: 85 | BS16: =IF(BR16>90,"4.00",IF(BR16>80,"3.50",IF(BR16>69,"3.00",IF(BR16>64,"2.50",IF(BR16>59,"2.00",IF(BR16>54,"1.50",IF(BR16>49,"1.00","0.00"))))))) -> 3.50 | BT16: =IF(BR16>90,"A",IF(BR16>80,"B+",IF(BR16>69,"B",IF(BR16>64,"C+",IF(BR16>59,"C",IF(BR16>54,"D+",IF(BR16>49,"D",IF(BR16>=0,"F")))))))) -> B+ | BU16: 78 | BV16: =IF(BU16>90,"4.00",IF(BU16>80,"3.50",IF(BU16>69,"3.00",IF(BU16>64,"2.50",IF(BU16>59,"2.00",IF(BU16>54,"1.50",IF(BU16>49,"1.00","0.00"))))))) -> 3.00 | BW16: =IF(BU16>90,"A",IF(BU16>80,"B+",IF(BU16>69,"B",IF(BU16>64,"C+",IF(BU16>59,"C",IF(BU16>54,"D+",IF(BU16>49,"D",IF(BU16>=0,"F")))))))) -> B | BX16: =(AX16*3+BA16*2+BD16*1+BG16*2+BJ16*1+BM16*1+BP16*2+BS16*2+BV16*2)/(3+2+1+2+1+1+2+2+2) -> 3 | BY16: =(AL16+BX16)/2 -> 3.0294118 | BZ16: =RANK(BY16,$BY$7:BY44) -> 12
A17: 11 | B17: 125N0620/23 | C17: ນາງ | D17: ພອນພະທິບ | E17: ຄູນປະເສີດ | F17: Ms.Phonephathip | G17: KHOUNPASID | H17: 19/10/2005 | I17: ນະຄອນຫຼວງວຽງຈັນ | J17: 1 | K17: 27 | L17: =IF(K17>=91, 4.00, IF(K17>=81, 3.50, IF(K17>=70, 3.00, IF(K17>=65, 2.50, IF(K17>=60, 2.00, IF(K17>=55, 1.50, IF(K17>=50, 1.00, 0.00))))))) | M17: =IF(K17>=91,"A",IF(K17>=81,"B+",IF(K17>=70,"B",IF(K17>=65,"C+",IF(K17>=60,"C",IF(K17>=55,"D+",IF(K17>=50,"D","F"))))))) | N17: 73 | O17: =IF(N17>=91, 4.00, IF(N17>=81, 3.50, IF(N17>=70, 3.00, IF(N17>=65, 2.50, IF(N17>=60, 2.00, IF(N17>=55, 1.50, IF(N17>=50, 1.00, 0.00))))))) | P17: =IF(N17>=91,"A",IF(N17>=81,"B+",IF(N17>=70,"B",IF(N17>=65,"C+",IF(N17>=60,"C",IF(N17>=55,"D+",IF(N17>=50,"D","F"))))))) | Q17: 39 | R17: =IF(Q17>=91, 4.00, IF(Q17>=81, 3.50, IF(Q17>=70, 3.00, IF(Q17>=65, 2.50, IF(Q17>=60, 2.00, IF(Q17>=55, 1.50, IF(Q17>=50, 1.00, 0.00))))))) | S17: =IF(Q17>=91,"A",IF(Q17>=81,"B+",IF(Q17>=70,"B",IF(Q17>=65,"C+",IF(Q17>=60,"C",IF(Q17>=55,"D+",IF(Q17>=50,"D","F"))))))) | T17: 46 | U17: =IF(T17>=91, 4.00, IF(T17>=81, 3.50, IF(T17>=70, 3.00, IF(T17>=65, 2.50, IF(T17>=60, 2.00, IF(T17>=55, 1.50, IF(T17>=50, 1.00, 0.00))))))) | V17: =IF(T17>=91,"A",IF(T17>=81,"B+",IF(T17>=70,"B",IF(T17>=65,"C+",IF(T17>=60,"C",IF(T17>=55,"D+",IF(T17>=50,"D","F"))))))) | W17: 27 | X17: =IF(W17>=91, 4.00, IF(W17>=81, 3.50, IF(W17>=70, 3.00, IF(W17>=65, 2.50, IF(W17>=60, 2.00, IF(W17>=55, 1.50, IF(W17>=50, 1.00, 0.00))))))) | Y17: =IF(W17>=91,"A",IF(W17>=81,"B+",IF(W17>=70,"B",IF(W17>=65,"C+",IF(W17>=60,"C",IF(W17>=55,"D+",IF(W17>=50,"D","F"))))))) | Z17: 83.51 | AA17: =IF(Z17>=91, 4.00, IF(Z17>=81, 3.50, IF(Z17>=70, 3.00, IF(Z17>=65, 2.50, IF(Z17>=60, 2.00, IF(Z17>=55, 1.50, IF(Z17>=50, 1.00, 0.00))))))) | AB17: =IF(Z17>=91,"A",IF(Z17>=81,"B+",IF(Z17>=70,"B",IF(Z17>=65,"C+",IF(Z17>=60,"C",IF(Z17>=55,"D+",IF(Z17>=50,"D","F"))))))) | AC17: 71.5 | AD17: =IF(AC17>=91, 4.00, IF(AC17>=81, 3.50, IF(AC17>=70, 3.00, IF(AC17>=65, 2.50, IF(AC17>=60, 2.00, IF(AC17>=55, 1.50, IF(AC17>=50, 1.00, 0.00))))))) | AE17: =IF(AC17>=91,"A",IF(AC17>=81,"B+",IF(AC17>=70,"B",IF(AC17>=65,"C+",IF(AC17>=60,"C",IF(AC17>=55,"D+",IF(AC17>=50,"D","F"))))))) | AF17: 82 | AG17: =IF(AF17>=91, 4.00, IF(AF17>=81, 3.50, IF(AF17>=70, 3.00, IF(AF17>=65, 2.50, IF(AF17>=60, 2.00, IF(AF17>=55, 1.50, IF(AF17>=50, 1.00, 0.00))))))) | AH17: =IF(AF17>=91,"A",IF(AF17>=81,"B+",IF(AF17>=70,"B",IF(AF17>=65,"C+",IF(AF17>=60,"C",IF(AF17>=55,"D+",IF(AF17>=50,"D","F"))))))) | AI17: 91 | AJ17: =IF(AI17>=91, 4.00, IF(AI17>=81, 3.50, IF(AI17>=70, 3.00, IF(AI17>=65, 2.50, IF(AI17>=60, 2.00, IF(AI17>=55, 1.50, IF(AI17>=50, 1.00, 0.00))))))) | AK17: =IF(AI17>=91,"A",IF(AI17>=81,"B+",IF(AI17>=70,"B",IF(AI17>=65,"C+",IF(AI17>=60,"C",IF(AI17>=55,"D+",IF(AI17>=50,"D","F"))))))) | AL17: =ROUND((L17*3+O17*2+R17*1+U17*2+X17*1+AA17*2+AD17*2+AG17*2+AJ17*2)/17, 2) | AM17: 81 | AN17: =IF(AM17>=91, 4.00, IF(AM17>=81, 3.50, IF(AM17>=70, 3.00, IF(AM17>=65, 2.50, IF(AM17>=60, 2.00, IF(AM17>=55, 1.50, IF(AM17>=50, 1.00, 0.00))))))) | AO17: =IF(AM17>=91,"A",IF(AM17>=81,"B+",IF(AM17>=70,"B",IF(AM17>=65,"C+",IF(AM17>=60,"C",IF(AM17>=55,"D+",IF(AM17>=50,"D","F"))))))) | AP17: ນາງ | AQ17: =IF(AP17>=91, 4.00, IF(AP17>=81, 3.50, IF(AP17>=70, 3.00, IF(AP17>=65, 2.50, IF(AP17>=60, 2.00, IF(AP17>=55, 1.50, IF(AP17>=50, 1.00, 0.00))))))) | AR17: =IF(AP17>=91,"A",IF(AP17>=81,"B+",IF(AP17>=70,"B",IF(AP17>=65,"C+",IF(AP17>=60,"C",IF(AP17>=55,"D+",IF(AP17>=50,"D","F"))))))) | AS17: Ms.Phonephathip | AT17: =IF(AS17>=91, 4.00, IF(AS17>=81, 3.50, IF(AS17>=70, 3.00, IF(AS17>=65, 2.50, IF(AS17>=60, 2.00, IF(AS17>=55, 1.50, IF(AS17>=50, 1.00, 0.00))))))) | AU17: =IF(AS17>=91,"A",IF(AS17>=81,"B+",IF(AS17>=70,"B",IF(AS17>=65,"C+",IF(AS17>=60,"C",IF(AS17>=55,"D+",IF(AS17>=50,"D","F"))))))) | AV17: ນະຄອນຫຼວງວຽງຈັນ | AW17: =IF(AV17>=91, 4.00, IF(AV17>=81, 3.50, IF(AV17>=70, 3.00, IF(AV17>=65, 2.50, IF(AV17>=60, 2.00, IF(AV17>=55, 1.50, IF(AV17>=50, 1.00, 0.00))))))) | AX17: =IF(AV17>=91,"A",IF(AV17>=81,"B+",IF(AV17>=70,"B",IF(AV17>=65,"C+",IF(AV17>=60,"C",IF(AV17>=55,"D+",IF(AV17>=50,"D","F"))))))) | AY17: =IF(AW17>90,"A",IF(AW17>80,"B+",IF(AW17>69,"B",IF(AW17>64,"C+",IF(AW17>59,"C",IF(AW17>54,"D+",IF(AW17>49,"D",IF(AW17>=0,"F")))))))) -> F | AZ17: =IF(AY17>=91, 4.00, IF(AY17>=81, 3.50, IF(AY17>=70, 3.00, IF(AY17>=65, 2.50, IF(AY17>=60, 2.00, IF(AY17>=55, 1.50, IF(AY17>=50, 1.00, 0.00))))))) | BA17: =IF(AY17>=91,"A",IF(AY17>=81,"B+",IF(AY17>=70,"B",IF(AY17>=65,"C+",IF(AY17>=60,"C",IF(AY17>=55,"D+",IF(AY17>=50,"D","F"))))))) | BB17: =IF(AZ17>90,"A",IF(AZ17>80,"B+",IF(AZ17>69,"B",IF(AZ17>64,"C+",IF(AZ17>59,"C",IF(AZ17>54,"D+",IF(AZ17>49,"D",IF(AZ17>=0,"F")))))))) -> D+ | BC17: =IF(BB17>=91, 4.00, IF(BB17>=81, 3.50, IF(BB17>=70, 3.00, IF(BB17>=65, 2.50, IF(BB17>=60, 2.00, IF(BB17>=55, 1.50, IF(BB17>=50, 1.00, 0.00))))))) | BD17: =IF(BB17>=91,"A",IF(BB17>=81,"B+",IF(BB17>=70,"B",IF(BB17>=65,"C+",IF(BB17>=60,"C",IF(BB17>=55,"D+",IF(BB17>=50,"D","F"))))))) | BE17: =IF(BC17>90,"A",IF(BC17>80,"B+",IF(BC17>69,"B",IF(BC17>64,"C+",IF(BC17>59,"C",IF(BC17>54,"D+",IF(BC17>49,"D",IF(BC17>=0,"F")))))))) -> D | BF17: =IF(BE17>=91, 4.00, IF(BE17>=81, 3.50, IF(BE17>=70, 3.00, IF(BE17>=65, 2.50, IF(BE17>=60, 2.00, IF(BE17>=55, 1.50, IF(BE17>=50, 1.00, 0.00))))))) | BG17: =IF(BE17>=91,"A",IF(BE17>=81,"B+",IF(BE17>=70,"B",IF(BE17>=65,"C+",IF(BE17>=60,"C",IF(BE17>=55,"D+",IF(BE17>=50,"D","F"))))))) | BH17: =IF(BF17>90,"A",IF(BF17>80,"B+",IF(BF17>69,"B",IF(BF17>64,"C+",IF(BF17>59,"C",IF(BF17>54,"D+",IF(BF17>49,"D",IF(BF17>=0,"F")))))))) -> F | BI17: =IF(BH17>=91, 4.00, IF(BH17>=81, 3.50, IF(BH17>=70, 3.00, IF(BH17>=65, 2.50, IF(BH17>=60, 2.00, IF(BH17>=55, 1.50, IF(BH17>=50, 1.00, 0.00))))))) | BJ17: =IF(BH17>=91,"A",IF(BH17>=81,"B+",IF(BH17>=70,"B",IF(BH17>=65,"C+",IF(BH17>=60,"C",IF(BH17>=55,"D+",IF(BH17>=50,"D","F"))))))) | BK17: =IF(BI17>90,"A",IF(BI17>80,"B+",IF(BI17>69,"B",IF(BI17>64,"C+",IF(BI17>59,"C",IF(BI17>54,"D+",IF(BI17>49,"D",IF(BI17>=0,"F")))))))) -> C | BL17: =IF(BK17>=91, 4.00, IF(BK17>=81, 3.50, IF(BK17>=70, 3.00, IF(BK17>=65, 2.50, IF(BK17>=60, 2.00, IF(BK17>=55, 1.50, IF(BK17>=50, 1.00, 0.00))))))) | BM17: =IF(BK17>=91,"A",IF(BK17>=81,"B+",IF(BK17>=70,"B",IF(BK17>=65,"C+",IF(BK17>=60,"C",IF(BK17>=55,"D+",IF(BK17>=50,"D","F"))))))) | BN17: =IF(BL17>90,"A",IF(BL17>80,"B+",IF(BL17>69,"B",IF(BL17>64,"C+",IF(BL17>59,"C",IF(BL17>54,"D+",IF(BL17>49,"D",IF(BL17>=0,"F")))))))) -> D+ | BO17: =IF(BN17>=91, 4.00, IF(BN17>=81, 3.50, IF(BN17>=70, 3.00, IF(BN17>=65, 2.50, IF(BN17>=60, 2.00, IF(BN17>=55, 1.50, IF(BN17>=50, 1.00, 0.00))))))) | BP17: =IF(BN17>=91,"A",IF(BN17>=81,"B+",IF(BN17>=70,"B",IF(BN17>=65,"C+",IF(BN17>=60,"C",IF(BN17>=55,"D+",IF(BN17>=50,"D","F"))))))) | BQ17: =ROUND((AN17*3+AQ17*2+AT17*1+AW17*2+AZ17*1+BC17*1+BF17*2+BI17*2+BL17*2+BO17*3)/19, 2) | BR17: 54 | BS17: =IF(BR17>90,"4.00",IF(BR17>80,"3.50",IF(BR17>69,"3.00",IF(BR17>64,"2.50",IF(BR17>59,"2.00",IF(BR17>54,"1.50",IF(BR17>49,"1.00","0.00"))))))) -> 1.00 | BT17: =IF(BR17>90,"A",IF(BR17>80,"B+",IF(BR17>69,"B",IF(BR17>64,"C+",IF(BR17>59,"C",IF(BR17>54,"D+",IF(BR17>49,"D",IF(BR17>=0,"F")))))))) -> D | BU17: 60 | BV17: =IF(BU17>90,"4.00",IF(BU17>80,"3.50",IF(BU17>69,"3.00",IF(BU17>64,"2.50",IF(BU17>59,"2.00",IF(BU17>54,"1.50",IF(BU17>49,"1.00","0.00"))))))) -> 2.00 | BW17: =IF(BU17>90,"A",IF(BU17>80,"B+",IF(BU17>69,"B",IF(BU17>64,"C+",IF(BU17>59,"C",IF(BU17>54,"D+",IF(BU17>49,"D",IF(BU17>=0,"F")))))))) -> C | BX17: =(AX17*3+BA17*2+BD17*1+BG17*2+BJ17*1+BM17*1+BP17*2+BS17*2+BV17*2)/(3+2+1+2+1+1+2+2+2) -> 1.15625 | BY17: =(AL17+BX17)/2 -> 1.4751838 | BZ17: =RANK(BY17,$BY$7:BY45) -> 21
A18: 12 | B18: 125N0621/23 | C18: ທ້າວ | D18: ເຢັງ | E18: ທໍ່ | F18: Mr.Yeng | G18: THOR | H18: 16/07/2002 | I18: ຫຼວງພະບາງ | J18: 1 | K18: 0 | L18: =IF(K18>=91, 4.00, IF(K18>=81, 3.50, IF(K18>=70, 3.00, IF(K18>=65, 2.50, IF(K18>=60, 2.00, IF(K18>=55, 1.50, IF(K18>=50, 1.00, 0.00))))))) | M18: =IF(K18>=91,"A",IF(K18>=81,"B+",IF(K18>=70,"B",IF(K18>=65,"C+",IF(K18>=60,"C",IF(K18>=55,"D+",IF(K18>=50,"D","F"))))))) | N18: 86 | O18: =IF(N18>=91, 4.00, IF(N18>=81, 3.50, IF(N18>=70, 3.00, IF(N18>=65, 2.50, IF(N18>=60, 2.00, IF(N18>=55, 1.50, IF(N18>=50, 1.00, 0.00))))))) | P18: =IF(N18>=91,"A",IF(N18>=81,"B+",IF(N18>=70,"B",IF(N18>=65,"C+",IF(N18>=60,"C",IF(N18>=55,"D+",IF(N18>=50,"D","F"))))))) | Q18: 76 | R18: =IF(Q18>=91, 4.00, IF(Q18>=81, 3.50, IF(Q18>=70, 3.00, IF(Q18>=65, 2.50, IF(Q18>=60, 2.00, IF(Q18>=55, 1.50, IF(Q18>=50, 1.00, 0.00))))))) | S18: =IF(Q18>=91,"A",IF(Q18>=81,"B+",IF(Q18>=70,"B",IF(Q18>=65,"C+",IF(Q18>=60,"C",IF(Q18>=55,"D+",IF(Q18>=50,"D","F"))))))) | T18: 0 | U18: =IF(T18>=91, 4.00, IF(T18>=81, 3.50, IF(T18>=70, 3.00, IF(T18>=65, 2.50, IF(T18>=60, 2.00, IF(T18>=55, 1.50, IF(T18>=50, 1.00, 0.00))))))) | V18: =IF(T18>=91,"A",IF(T18>=81,"B+",IF(T18>=70,"B",IF(T18>=65,"C+",IF(T18>=60,"C",IF(T18>=55,"D+",IF(T18>=50,"D","F"))))))) | W18: 0 | X18: =IF(W18>=91, 4.00, IF(W18>=81, 3.50, IF(W18>=70, 3.00, IF(W18>=65, 2.50, IF(W18>=60, 2.00, IF(W18>=55, 1.50, IF(W18>=50, 1.00, 0.00))))))) | Y18: =IF(W18>=91,"A",IF(W18>=81,"B+",IF(W18>=70,"B",IF(W18>=65,"C+",IF(W18>=60,"C",IF(W18>=55,"D+",IF(W18>=50,"D","F"))))))) | Z18: 80.95 | AA18: =IF(Z18>=91, 4.00, IF(Z18>=81, 3.50, IF(Z18>=70, 3.00, IF(Z18>=65, 2.50, IF(Z18>=60, 2.00, IF(Z18>=55, 1.50, IF(Z18>=50, 1.00, 0.00))))))) | AB18: =IF(Z18>=91,"A",IF(Z18>=81,"B+",IF(Z18>=70,"B",IF(Z18>=65,"C+",IF(Z18>=60,"C",IF(Z18>=55,"D+",IF(Z18>=50,"D","F"))))))) | AC18: 65 | AD18: =IF(AC18>=91, 4.00, IF(AC18>=81, 3.50, IF(AC18>=70, 3.00, IF(AC18>=65, 2.50, IF(AC18>=60, 2.00, IF(AC18>=55, 1.50, IF(AC18>=50, 1.00, 0.00))))))) | AE18: =IF(AC18>=91,"A",IF(AC18>=81,"B+",IF(AC18>=70,"B",IF(AC18>=65,"C+",IF(AC18>=60,"C",IF(AC18>=55,"D+",IF(AC18>=50,"D","F"))))))) | AF18: 70 | AG18: =IF(AF18>=91, 4.00, IF(AF18>=81, 3.50, IF(AF18>=70, 3.00, IF(AF18>=65, 2.50, IF(AF18>=60, 2.00, IF(AF18>=55, 1.50, IF(AF18>=50, 1.00, 0.00))))))) | AH18: =IF(AF18>=91,"A",IF(AF18>=81,"B+",IF(AF18>=70,"B",IF(AF18>=65,"C+",IF(AF18>=60,"C",IF(AF18>=55,"D+",IF(AF18>=50,"D","F"))))))) | AI18: 92 | AJ18: =IF(AI18>=91, 4.00, IF(AI18>=81, 3.50, IF(AI18>=70, 3.00, IF(AI18>=65, 2.50, IF(AI18>=60, 2.00, IF(AI18>=55, 1.50, IF(AI18>=50, 1.00, 0.00))))))) | AK18: =IF(AI18>=91,"A",IF(AI18>=81,"B+",IF(AI18>=70,"B",IF(AI18>=65,"C+",IF(AI18>=60,"C",IF(AI18>=55,"D+",IF(AI18>=50,"D","F"))))))) | AL18: =ROUND((L18*3+O18*2+R18*1+U18*2+X18*1+AA18*2+AD18*2+AG18*2+AJ18*2)/17, 2) | AM18: 84 | AN18: =IF(AM18>=91, 4.00, IF(AM18>=81, 3.50, IF(AM18>=70, 3.00, IF(AM18>=65, 2.50, IF(AM18>=60, 2.00, IF(AM18>=55, 1.50, IF(AM18>=50, 1.00, 0.00))))))) | AO18: =IF(AM18>=91,"A",IF(AM18>=81,"B+",IF(AM18>=70,"B",IF(AM18>=65,"C+",IF(AM18>=60,"C",IF(AM18>=55,"D+",IF(AM18>=50,"D","F"))))))) | AP18: ທ້າວ | AQ18: =IF(AP18>=91, 4.00, IF(AP18>=81, 3.50, IF(AP18>=70, 3.00, IF(AP18>=65, 2.50, IF(AP18>=60, 2.00, IF(AP18>=55, 1.50, IF(AP18>=50, 1.00, 0.00))))))) | AR18: =IF(AP18>=91,"A",IF(AP18>=81,"B+",IF(AP18>=70,"B",IF(AP18>=65,"C+",IF(AP18>=60,"C",IF(AP18>=55,"D+",IF(AP18>=50,"D","F"))))))) | AS18: Mr.Yeng | AT18: =IF(AS18>=91, 4.00, IF(AS18>=81, 3.50, IF(AS18>=70, 3.00, IF(AS18>=65, 2.50, IF(AS18>=60, 2.00, IF(AS18>=55, 1.50, IF(AS18>=50, 1.00, 0.00))))))) | AU18: =IF(AS18>=91,"A",IF(AS18>=81,"B+",IF(AS18>=70,"B",IF(AS18>=65,"C+",IF(AS18>=60,"C",IF(AS18>=55,"D+",IF(AS18>=50,"D","F"))))))) | AV18: ຫຼວງພະບາງ | AW18: =IF(AV18>=91, 4.00, IF(AV18>=81, 3.50, IF(AV18>=70, 3.00, IF(AV18>=65, 2.50, IF(AV18>=60, 2.00, IF(AV18>=55, 1.50, IF(AV18>=50, 1.00, 0.00))))))) | AX18: =IF(AV18>=91,"A",IF(AV18>=81,"B+",IF(AV18>=70,"B",IF(AV18>=65,"C+",IF(AV18>=60,"C",IF(AV18>=55,"D+",IF(AV18>=50,"D","F"))))))) | AY18: =IF(AW18>90,"A",IF(AW18>80,"B+",IF(AW18>69,"B",IF(AW18>64,"C+",IF(AW18>59,"C",IF(AW18>54,"D+",IF(AW18>49,"D",IF(AW18>=0,"F")))))))) -> A | AZ18: =IF(AY18>=91, 4.00, IF(AY18>=81, 3.50, IF(AY18>=70, 3.00, IF(AY18>=65, 2.50, IF(AY18>=60, 2.00, IF(AY18>=55, 1.50, IF(AY18>=50, 1.00, 0.00))))))) | BA18: =IF(AY18>=91,"A",IF(AY18>=81,"B+",IF(AY18>=70,"B",IF(AY18>=65,"C+",IF(AY18>=60,"C",IF(AY18>=55,"D+",IF(AY18>=50,"D","F"))))))) | BB18: =IF(AZ18>90,"A",IF(AZ18>80,"B+",IF(AZ18>69,"B",IF(AZ18>64,"C+",IF(AZ18>59,"C",IF(AZ18>54,"D+",IF(AZ18>49,"D",IF(AZ18>=0,"F")))))))) -> A | BC18: =IF(BB18>=91, 4.00, IF(BB18>=81, 3.50, IF(BB18>=70, 3.00, IF(BB18>=65, 2.50, IF(BB18>=60, 2.00, IF(BB18>=55, 1.50, IF(BB18>=50, 1.00, 0.00))))))) | BD18: =IF(BB18>=91,"A",IF(BB18>=81,"B+",IF(BB18>=70,"B",IF(BB18>=65,"C+",IF(BB18>=60,"C",IF(BB18>=55,"D+",IF(BB18>=50,"D","F"))))))) | BE18: =IF(BC18>90,"A",IF(BC18>80,"B+",IF(BC18>69,"B",IF(BC18>64,"C+",IF(BC18>59,"C",IF(BC18>54,"D+",IF(BC18>49,"D",IF(BC18>=0,"F")))))))) -> A | BF18: =IF(BE18>=91, 4.00, IF(BE18>=81, 3.50, IF(BE18>=70, 3.00, IF(BE18>=65, 2.50, IF(BE18>=60, 2.00, IF(BE18>=55, 1.50, IF(BE18>=50, 1.00, 0.00))))))) | BG18: =IF(BE18>=91,"A",IF(BE18>=81,"B+",IF(BE18>=70,"B",IF(BE18>=65,"C+",IF(BE18>=60,"C",IF(BE18>=55,"D+",IF(BE18>=50,"D","F"))))))) | BH18: =IF(BF18>90,"A",IF(BF18>80,"B+",IF(BF18>69,"B",IF(BF18>64,"C+",IF(BF18>59,"C",IF(BF18>54,"D+",IF(BF18>49,"D",IF(BF18>=0,"F")))))))) -> A | BI18: =IF(BH18>=91, 4.00, IF(BH18>=81, 3.50, IF(BH18>=70, 3.00, IF(BH18>=65, 2.50, IF(BH18>=60, 2.00, IF(BH18>=55, 1.50, IF(BH18>=50, 1.00, 0.00))))))) | BJ18: =IF(BH18>=91,"A",IF(BH18>=81,"B+",IF(BH18>=70,"B",IF(BH18>=65,"C+",IF(BH18>=60,"C",IF(BH18>=55,"D+",IF(BH18>=50,"D","F"))))))) | BK18: =IF(BI18>90,"A",IF(BI18>80,"B+",IF(BI18>69,"B",IF(BI18>64,"C+",IF(BI18>59,"C",IF(BI18>54,"D+",IF(BI18>49,"D",IF(BI18>=0,"F")))))))) -> B+ | BL18: =IF(BK18>=91, 4.00, IF(BK18>=81, 3.50, IF(BK18>=70, 3.00, IF(BK18>=65, 2.50, IF(BK18>=60, 2.00, IF(BK18>=55, 1.50, IF(BK18>=50, 1.00, 0.00))))))) | BM18: =IF(BK18>=91,"A",IF(BK18>=81,"B+",IF(BK18>=70,"B",IF(BK18>=65,"C+",IF(BK18>=60,"C",IF(BK18>=55,"D+",IF(BK18>=50,"D","F"))))))) | BN18: =IF(BL18>90,"A",IF(BL18>80,"B+",IF(BL18>69,"B",IF(BL18>64,"C+",IF(BL18>59,"C",IF(BL18>54,"D+",IF(BL18>49,"D",IF(BL18>=0,"F")))))))) -> A | BO18: =IF(BN18>=91, 4.00, IF(BN18>=81, 3.50, IF(BN18>=70, 3.00, IF(BN18>=65, 2.50, IF(BN18>=60, 2.00, IF(BN18>=55, 1.50, IF(BN18>=50, 1.00, 0.00))))))) | BP18: =IF(BN18>=91,"A",IF(BN18>=81,"B+",IF(BN18>=70,"B",IF(BN18>=65,"C+",IF(BN18>=60,"C",IF(BN18>=55,"D+",IF(BN18>=50,"D","F"))))))) | BQ18: =ROUND((AN18*3+AQ18*2+AT18*1+AW18*2+AZ18*1+BC18*1+BF18*2+BI18*2+BL18*2+BO18*3)/19, 2) | BR18: 29 | BS18: =IF(BR18>90,"4.00",IF(BR18>80,"3.50",IF(BR18>69,"3.00",IF(BR18>64,"2.50",IF(BR18>59,"2.00",IF(BR18>54,"1.50",IF(BR18>49,"1.00","0.00"))))))) -> 0.00 | BT18: =IF(BR18>90,"A",IF(BR18>80,"B+",IF(BR18>69,"B",IF(BR18>64,"C+",IF(BR18>59,"C",IF(BR18>54,"D+",IF(BR18>49,"D",IF(BR18>=0,"F")))))))) -> F | BU18: 60 | BV18: =IF(BU18>90,"4.00",IF(BU18>80,"3.50",IF(BU18>69,"3.00",IF(BU18>64,"2.50",IF(BU18>59,"2.00",IF(BU18>54,"1.50",IF(BU18>49,"1.00","0.00"))))))) -> 2.00 | BW18: =IF(BU18>90,"A",IF(BU18>80,"B+",IF(BU18>69,"B",IF(BU18>64,"C+",IF(BU18>59,"C",IF(BU18>54,"D+",IF(BU18>49,"D",IF(BU18>=0,"F")))))))) -> C | BX18: =(AX18*3+BA18*2+BD18*1+BG18*2+BJ18*1+BM18*1+BP18*2+BS18*2+BV18*2)/(3+2+1+2+1+1+2+2+2) -> 3.09375 | BY18: =(AL18+BX18)/2 -> 2.5027574 | BZ18: =RANK(BY18,$BY$7:BY46) -> 16
A19: 13 | B19: 125N0622/23 | C19: ທ້າວ | D19: ໂລແລັນ | E19: ສີວິໄຊ | F19: Mr.Loland | G19: SIVIXAY | H19: 20/09/2005 | I19: ນະຄອນຫຼວງວຽງຈັນ | J19: 1 | K19: 75 | L19: =IF(K19>=91, 4.00, IF(K19>=81, 3.50, IF(K19>=70, 3.00, IF(K19>=65, 2.50, IF(K19>=60, 2.00, IF(K19>=55, 1.50, IF(K19>=50, 1.00, 0.00))))))) | M19: =IF(K19>=91,"A",IF(K19>=81,"B+",IF(K19>=70,"B",IF(K19>=65,"C+",IF(K19>=60,"C",IF(K19>=55,"D+",IF(K19>=50,"D","F"))))))) | N19: 90 | O19: =IF(N19>=91, 4.00, IF(N19>=81, 3.50, IF(N19>=70, 3.00, IF(N19>=65, 2.50, IF(N19>=60, 2.00, IF(N19>=55, 1.50, IF(N19>=50, 1.00, 0.00))))))) | P19: =IF(N19>=91,"A",IF(N19>=81,"B+",IF(N19>=70,"B",IF(N19>=65,"C+",IF(N19>=60,"C",IF(N19>=55,"D+",IF(N19>=50,"D","F"))))))) | Q19: 86 | R19: =IF(Q19>=91, 4.00, IF(Q19>=81, 3.50, IF(Q19>=70, 3.00, IF(Q19>=65, 2.50, IF(Q19>=60, 2.00, IF(Q19>=55, 1.50, IF(Q19>=50, 1.00, 0.00))))))) | S19: =IF(Q19>=91,"A",IF(Q19>=81,"B+",IF(Q19>=70,"B",IF(Q19>=65,"C+",IF(Q19>=60,"C",IF(Q19>=55,"D+",IF(Q19>=50,"D","F"))))))) | T19: 68 | U19: =IF(T19>=91, 4.00, IF(T19>=81, 3.50, IF(T19>=70, 3.00, IF(T19>=65, 2.50, IF(T19>=60, 2.00, IF(T19>=55, 1.50, IF(T19>=50, 1.00, 0.00))))))) | V19: =IF(T19>=91,"A",IF(T19>=81,"B+",IF(T19>=70,"B",IF(T19>=65,"C+",IF(T19>=60,"C",IF(T19>=55,"D+",IF(T19>=50,"D","F"))))))) | W19: 65 | X19: =IF(W19>=91, 4.00, IF(W19>=81, 3.50, IF(W19>=70, 3.00, IF(W19>=65, 2.50, IF(W19>=60, 2.00, IF(W19>=55, 1.50, IF(W19>=50, 1.00, 0.00))))))) | Y19: =IF(W19>=91,"A",IF(W19>=81,"B+",IF(W19>=70,"B",IF(W19>=65,"C+",IF(W19>=60,"C",IF(W19>=55,"D+",IF(W19>=50,"D","F"))))))) | Z19: 90.12 | AA19: =IF(Z19>=91, 4.00, IF(Z19>=81, 3.50, IF(Z19>=70, 3.00, IF(Z19>=65, 2.50, IF(Z19>=60, 2.00, IF(Z19>=55, 1.50, IF(Z19>=50, 1.00, 0.00))))))) | AB19: =IF(Z19>=91,"A",IF(Z19>=81,"B+",IF(Z19>=70,"B",IF(Z19>=65,"C+",IF(Z19>=60,"C",IF(Z19>=55,"D+",IF(Z19>=50,"D","F"))))))) | AC19: 81.5 | AD19: =IF(AC19>=91, 4.00, IF(AC19>=81, 3.50, IF(AC19>=70, 3.00, IF(AC19>=65, 2.50, IF(AC19>=60, 2.00, IF(AC19>=55, 1.50, IF(AC19>=50, 1.00, 0.00))))))) | AE19: =IF(AC19>=91,"A",IF(AC19>=81,"B+",IF(AC19>=70,"B",IF(AC19>=65,"C+",IF(AC19>=60,"C",IF(AC19>=55,"D+",IF(AC19>=50,"D","F"))))))) | AF19: 85 | AG19: =IF(AF19>=91, 4.00, IF(AF19>=81, 3.50, IF(AF19>=70, 3.00, IF(AF19>=65, 2.50, IF(AF19>=60, 2.00, IF(AF19>=55, 1.50, IF(AF19>=50, 1.00, 0.00))))))) | AH19: =IF(AF19>=91,"A",IF(AF19>=81,"B+",IF(AF19>=70,"B",IF(AF19>=65,"C+",IF(AF19>=60,"C",IF(AF19>=55,"D+",IF(AF19>=50,"D","F"))))))) | AI19: 93 | AJ19: =IF(AI19>=91, 4.00, IF(AI19>=81, 3.50, IF(AI19>=70, 3.00, IF(AI19>=65, 2.50, IF(AI19>=60, 2.00, IF(AI19>=55, 1.50, IF(AI19>=50, 1.00, 0.00))))))) | AK19: =IF(AI19>=91,"A",IF(AI19>=81,"B+",IF(AI19>=70,"B",IF(AI19>=65,"C+",IF(AI19>=60,"C",IF(AI19>=55,"D+",IF(AI19>=50,"D","F"))))))) | AL19: =ROUND((L19*3+O19*2+R19*1+U19*2+X19*1+AA19*2+AD19*2+AG19*2+AJ19*2)/17, 2) | AM19: 87 | AN19: =IF(AM19>=91, 4.00, IF(AM19>=81, 3.50, IF(AM19>=70, 3.00, IF(AM19>=65, 2.50, IF(AM19>=60, 2.00, IF(AM19>=55, 1.50, IF(AM19>=50, 1.00, 0.00))))))) | AO19: =IF(AM19>=91,"A",IF(AM19>=81,"B+",IF(AM19>=70,"B",IF(AM19>=65,"C+",IF(AM19>=60,"C",IF(AM19>=55,"D+",IF(AM19>=50,"D","F"))))))) | AP19: ທ້າວ | AQ19: =IF(AP19>=91, 4.00, IF(AP19>=81, 3.50, IF(AP19>=70, 3.00, IF(AP19>=65, 2.50, IF(AP19>=60, 2.00, IF(AP19>=55, 1.50, IF(AP19>=50, 1.00, 0.00))))))) | AR19: =IF(AP19>=91,"A",IF(AP19>=81,"B+",IF(AP19>=70,"B",IF(AP19>=65,"C+",IF(AP19>=60,"C",IF(AP19>=55,"D+",IF(AP19>=50,"D","F"))))))) | AS19: Mr.Loland | AT19: =IF(AS19>=91, 4.00, IF(AS19>=81, 3.50, IF(AS19>=70, 3.00, IF(AS19>=65, 2.50, IF(AS19>=60, 2.00, IF(AS19>=55, 1.50, IF(AS19>=50, 1.00, 0.00))))))) | AU19: =IF(AS19>=91,"A",IF(AS19>=81,"B+",IF(AS19>=70,"B",IF(AS19>=65,"C+",IF(AS19>=60,"C",IF(AS19>=55,"D+",IF(AS19>=50,"D","F"))))))) | AV19: ນະຄອນຫຼວງວຽງຈັນ | AW19: =IF(AV19>=91, 4.00, IF(AV19>=81, 3.50, IF(AV19>=70, 3.00, IF(AV19>=65, 2.50, IF(AV19>=60, 2.00, IF(AV19>=55, 1.50, IF(AV19>=50, 1.00, 0.00))))))) | AX19: =IF(AV19>=91,"A",IF(AV19>=81,"B+",IF(AV19>=70,"B",IF(AV19>=65,"C+",IF(AV19>=60,"C",IF(AV19>=55,"D+",IF(AV19>=50,"D","F"))))))) | AY19: =IF(AW19>90,"A",IF(AW19>80,"B+",IF(AW19>69,"B",IF(AW19>64,"C+",IF(AW19>59,"C",IF(AW19>54,"D+",IF(AW19>49,"D",IF(AW19>=0,"F")))))))) -> A | AZ19: =IF(AY19>=91, 4.00, IF(AY19>=81, 3.50, IF(AY19>=70, 3.00, IF(AY19>=65, 2.50, IF(AY19>=60, 2.00, IF(AY19>=55, 1.50, IF(AY19>=50, 1.00, 0.00))))))) | BA19: =IF(AY19>=91,"A",IF(AY19>=81,"B+",IF(AY19>=70,"B",IF(AY19>=65,"C+",IF(AY19>=60,"C",IF(AY19>=55,"D+",IF(AY19>=50,"D","F"))))))) | BB19: =IF(AZ19>90,"A",IF(AZ19>80,"B+",IF(AZ19>69,"B",IF(AZ19>64,"C+",IF(AZ19>59,"C",IF(AZ19>54,"D+",IF(AZ19>49,"D",IF(AZ19>=0,"F")))))))) -> B+ | BC19: =IF(BB19>=91, 4.00, IF(BB19>=81, 3.50, IF(BB19>=70, 3.00, IF(BB19>=65, 2.50, IF(BB19>=60, 2.00, IF(BB19>=55, 1.50, IF(BB19>=50, 1.00, 0.00))))))) | BD19: =IF(BB19>=91,"A",IF(BB19>=81,"B+",IF(BB19>=70,"B",IF(BB19>=65,"C+",IF(BB19>=60,"C",IF(BB19>=55,"D+",IF(BB19>=50,"D","F"))))))) | BE19: =IF(BC19>90,"A",IF(BC19>80,"B+",IF(BC19>69,"B",IF(BC19>64,"C+",IF(BC19>59,"C",IF(BC19>54,"D+",IF(BC19>49,"D",IF(BC19>=0,"F")))))))) -> B | BF19: =IF(BE19>=91, 4.00, IF(BE19>=81, 3.50, IF(BE19>=70, 3.00, IF(BE19>=65, 2.50, IF(BE19>=60, 2.00, IF(BE19>=55, 1.50, IF(BE19>=50, 1.00, 0.00))))))) | BG19: =IF(BE19>=91,"A",IF(BE19>=81,"B+",IF(BE19>=70,"B",IF(BE19>=65,"C+",IF(BE19>=60,"C",IF(BE19>=55,"D+",IF(BE19>=50,"D","F"))))))) | BH19: =IF(BF19>90,"A",IF(BF19>80,"B+",IF(BF19>69,"B",IF(BF19>64,"C+",IF(BF19>59,"C",IF(BF19>54,"D+",IF(BF19>49,"D",IF(BF19>=0,"F")))))))) -> B+ | BI19: =IF(BH19>=91, 4.00, IF(BH19>=81, 3.50, IF(BH19>=70, 3.00, IF(BH19>=65, 2.50, IF(BH19>=60, 2.00, IF(BH19>=55, 1.50, IF(BH19>=50, 1.00, 0.00))))))) | BJ19: =IF(BH19>=91,"A",IF(BH19>=81,"B+",IF(BH19>=70,"B",IF(BH19>=65,"C+",IF(BH19>=60,"C",IF(BH19>=55,"D+",IF(BH19>=50,"D","F"))))))) | BK19: =IF(BI19>90,"A",IF(BI19>80,"B+",IF(BI19>69,"B",IF(BI19>64,"C+",IF(BI19>59,"C",IF(BI19>54,"D+",IF(BI19>49,"D",IF(BI19>=0,"F")))))))) -> A | BL19: =IF(BK19>=91, 4.00, IF(BK19>=81, 3.50, IF(BK19>=70, 3.00, IF(BK19>=65, 2.50, IF(BK19>=60, 2.00, IF(BK19>=55, 1.50, IF(BK19>=50, 1.00, 0.00))))))) | BM19: =IF(BK19>=91,"A",IF(BK19>=81,"B+",IF(BK19>=70,"B",IF(BK19>=65,"C+",IF(BK19>=60,"C",IF(BK19>=55,"D+",IF(BK19>=50,"D","F"))))))) | BN19: =IF(BL19>90,"A",IF(BL19>80,"B+",IF(BL19>69,"B",IF(BL19>64,"C+",IF(BL19>59,"C",IF(BL19>54,"D+",IF(BL19>49,"D",IF(BL19>=0,"F")))))))) -> A | BO19: =IF(BN19>=91, 4.00, IF(BN19>=81, 3.50, IF(BN19>=70, 3.00, IF(BN19>=65, 2.50, IF(BN19>=60, 2.00, IF(BN19>=55, 1.50, IF(BN19>=50, 1.00, 0.00))))))) | BP19: =IF(BN19>=91,"A",IF(BN19>=81,"B+",IF(BN19>=70,"B",IF(BN19>=65,"C+",IF(BN19>=60,"C",IF(BN19>=55,"D+",IF(BN19>=50,"D","F"))))))) | BQ19: =ROUND((AN19*3+AQ19*2+AT19*1+AW19*2+AZ19*1+BC19*1+BF19*2+BI19*2+BL19*2+BO19*3)/19, 2) | BR19: 58 | BS19: =IF(BR19>90,"4.00",IF(BR19>80,"3.50",IF(BR19>69,"3.00",IF(BR19>64,"2.50",IF(BR19>59,"2.00",IF(BR19>54,"1.50",IF(BR19>49,"1.00","0.00"))))))) -> 1.50 | BT19: =IF(BR19>90,"A",IF(BR19>80,"B+",IF(BR19>69,"B",IF(BR19>64,"C+",IF(BR19>59,"C",IF(BR19>54,"D+",IF(BR19>49,"D",IF(BR19>=0,"F")))))))) -> D+ | BU19: 61 | BV19: =IF(BU19>90,"4.00",IF(BU19>80,"3.50",IF(BU19>69,"3.00",IF(BU19>64,"2.50",IF(BU19>59,"2.00",IF(BU19>54,"1.50",IF(BU19>49,"1.00","0.00"))))))) -> 2.00 | BW19: =IF(BU19>90,"A",IF(BU19>80,"B+",IF(BU19>69,"B",IF(BU19>64,"C+",IF(BU19>59,"C",IF(BU19>54,"D+",IF(BU19>49,"D",IF(BU19>=0,"F")))))))) -> C | BX19: =(AX19*3+BA19*2+BD19*1+BG19*2+BJ19*1+BM19*1+BP19*2+BS19*2+BV19*2)/(3+2+1+2+1+1+2+2+2) -> 3.125 | BY19: =(AL19+BX19)/2 -> 3.1213235 | BZ19: =RANK(BY19,$BY$7:BY47) -> 9
A20: 14 | B20: 125N0623/23 | C20: ທ້າວ | D20: ແດນສຸກສັນ | E20: ວິລາວົງ | F20: Mr.Dansouksan | G20: VILAVONG | H20: 18/09/2005 | I20: ນະຄອນຫຼວງວຽງຈັນ | J20: 1 | K20: 79 | L20: =IF(K20>=91, 4.00, IF(K20>=81, 3.50, IF(K20>=70, 3.00, IF(K20>=65, 2.50, IF(K20>=60, 2.00, IF(K20>=55, 1.50, IF(K20>=50, 1.00, 0.00))))))) | M20: =IF(K20>=91,"A",IF(K20>=81,"B+",IF(K20>=70,"B",IF(K20>=65,"C+",IF(K20>=60,"C",IF(K20>=55,"D+",IF(K20>=50,"D","F"))))))) | N20: 83 | O20: =IF(N20>=91, 4.00, IF(N20>=81, 3.50, IF(N20>=70, 3.00, IF(N20>=65, 2.50, IF(N20>=60, 2.00, IF(N20>=55, 1.50, IF(N20>=50, 1.00, 0.00))))))) | P20: =IF(N20>=91,"A",IF(N20>=81,"B+",IF(N20>=70,"B",IF(N20>=65,"C+",IF(N20>=60,"C",IF(N20>=55,"D+",IF(N20>=50,"D","F"))))))) | Q20: 90 | R20: =IF(Q20>=91, 4.00, IF(Q20>=81, 3.50, IF(Q20>=70, 3.00, IF(Q20>=65, 2.50, IF(Q20>=60, 2.00, IF(Q20>=55, 1.50, IF(Q20>=50, 1.00, 0.00))))))) | S20: =IF(Q20>=91,"A",IF(Q20>=81,"B+",IF(Q20>=70,"B",IF(Q20>=65,"C+",IF(Q20>=60,"C",IF(Q20>=55,"D+",IF(Q20>=50,"D","F"))))))) | T20: 69 | U20: =IF(T20>=91, 4.00, IF(T20>=81, 3.50, IF(T20>=70, 3.00, IF(T20>=65, 2.50, IF(T20>=60, 2.00, IF(T20>=55, 1.50, IF(T20>=50, 1.00, 0.00))))))) | V20: =IF(T20>=91,"A",IF(T20>=81,"B+",IF(T20>=70,"B",IF(T20>=65,"C+",IF(T20>=60,"C",IF(T20>=55,"D+",IF(T20>=50,"D","F"))))))) | W20: 69 | X20: =IF(W20>=91, 4.00, IF(W20>=81, 3.50, IF(W20>=70, 3.00, IF(W20>=65, 2.50, IF(W20>=60, 2.00, IF(W20>=55, 1.50, IF(W20>=50, 1.00, 0.00))))))) | Y20: =IF(W20>=91,"A",IF(W20>=81,"B+",IF(W20>=70,"B",IF(W20>=65,"C+",IF(W20>=60,"C",IF(W20>=55,"D+",IF(W20>=50,"D","F"))))))) | Z20: 28.71 | AA20: =IF(Z20>=91, 4.00, IF(Z20>=81, 3.50, IF(Z20>=70, 3.00, IF(Z20>=65, 2.50, IF(Z20>=60, 2.00, IF(Z20>=55, 1.50, IF(Z20>=50, 1.00, 0.00))))))) | AB20: =IF(Z20>=91,"A",IF(Z20>=81,"B+",IF(Z20>=70,"B",IF(Z20>=65,"C+",IF(Z20>=60,"C",IF(Z20>=55,"D+",IF(Z20>=50,"D","F"))))))) | AC20: 49.5 | AD20: =IF(AC20>=91, 4.00, IF(AC20>=81, 3.50, IF(AC20>=70, 3.00, IF(AC20>=65, 2.50, IF(AC20>=60, 2.00, IF(AC20>=55, 1.50, IF(AC20>=50, 1.00, 0.00))))))) | AE20: =IF(AC20>=91,"A",IF(AC20>=81,"B+",IF(AC20>=70,"B",IF(AC20>=65,"C+",IF(AC20>=60,"C",IF(AC20>=55,"D+",IF(AC20>=50,"D","F"))))))) | AF20: 78 | AG20: =IF(AF20>=91, 4.00, IF(AF20>=81, 3.50, IF(AF20>=70, 3.00, IF(AF20>=65, 2.50, IF(AF20>=60, 2.00, IF(AF20>=55, 1.50, IF(AF20>=50, 1.00, 0.00))))))) | AH20: =IF(AF20>=91,"A",IF(AF20>=81,"B+",IF(AF20>=70,"B",IF(AF20>=65,"C+",IF(AF20>=60,"C",IF(AF20>=55,"D+",IF(AF20>=50,"D","F"))))))) | AI20: 94 | AJ20: =IF(AI20>=91, 4.00, IF(AI20>=81, 3.50, IF(AI20>=70, 3.00, IF(AI20>=65, 2.50, IF(AI20>=60, 2.00, IF(AI20>=55, 1.50, IF(AI20>=50, 1.00, 0.00))))))) | AK20: =IF(AI20>=91,"A",IF(AI20>=81,"B+",IF(AI20>=70,"B",IF(AI20>=65,"C+",IF(AI20>=60,"C",IF(AI20>=55,"D+",IF(AI20>=50,"D","F"))))))) | AL20: =ROUND((L20*3+O20*2+R20*1+U20*2+X20*1+AA20*2+AD20*2+AG20*2+AJ20*2)/17, 2) | AM20: 90 | AN20: =IF(AM20>=91, 4.00, IF(AM20>=81, 3.50, IF(AM20>=70, 3.00, IF(AM20>=65, 2.50, IF(AM20>=60, 2.00, IF(AM20>=55, 1.50, IF(AM20>=50, 1.00, 0.00))))))) | AO20: =IF(AM20>=91,"A",IF(AM20>=81,"B+",IF(AM20>=70,"B",IF(AM20>=65,"C+",IF(AM20>=60,"C",IF(AM20>=55,"D+",IF(AM20>=50,"D","F"))))))) | AP20: ທ້າວ | AQ20: =IF(AP20>=91, 4.00, IF(AP20>=81, 3.50, IF(AP20>=70, 3.00, IF(AP20>=65, 2.50, IF(AP20>=60, 2.00, IF(AP20>=55, 1.50, IF(AP20>=50, 1.00, 0.00))))))) | AR20: =IF(AP20>=91,"A",IF(AP20>=81,"B+",IF(AP20>=70,"B",IF(AP20>=65,"C+",IF(AP20>=60,"C",IF(AP20>=55,"D+",IF(AP20>=50,"D","F"))))))) | AS20: Mr.Dansouksan | AT20: =IF(AS20>=91, 4.00, IF(AS20>=81, 3.50, IF(AS20>=70, 3.00, IF(AS20>=65, 2.50, IF(AS20>=60, 2.00, IF(AS20>=55, 1.50, IF(AS20>=50, 1.00, 0.00))))))) | AU20: =IF(AS20>=91,"A",IF(AS20>=81,"B+",IF(AS20>=70,"B",IF(AS20>=65,"C+",IF(AS20>=60,"C",IF(AS20>=55,"D+",IF(AS20>=50,"D","F"))))))) | AV20: ນະຄອນຫຼວງວຽງຈັນ | AW20: =IF(AV20>=91, 4.00, IF(AV20>=81, 3.50, IF(AV20>=70, 3.00, IF(AV20>=65, 2.50, IF(AV20>=60, 2.00, IF(AV20>=55, 1.50, IF(AV20>=50, 1.00, 0.00))))))) | AX20: =IF(AV20>=91,"A",IF(AV20>=81,"B+",IF(AV20>=70,"B",IF(AV20>=65,"C+",IF(AV20>=60,"C",IF(AV20>=55,"D+",IF(AV20>=50,"D","F"))))))) | AY20: =IF(AW20>90,"A",IF(AW20>80,"B+",IF(AW20>69,"B",IF(AW20>64,"C+",IF(AW20>59,"C",IF(AW20>54,"D+",IF(AW20>49,"D",IF(AW20>=0,"F")))))))) -> F | AZ20: =IF(AY20>=91, 4.00, IF(AY20>=81, 3.50, IF(AY20>=70, 3.00, IF(AY20>=65, 2.50, IF(AY20>=60, 2.00, IF(AY20>=55, 1.50, IF(AY20>=50, 1.00, 0.00))))))) | BA20: =IF(AY20>=91,"A",IF(AY20>=81,"B+",IF(AY20>=70,"B",IF(AY20>=65,"C+",IF(AY20>=60,"C",IF(AY20>=55,"D+",IF(AY20>=50,"D","F"))))))) | BB20: =IF(AZ20>90,"A",IF(AZ20>80,"B+",IF(AZ20>69,"B",IF(AZ20>64,"C+",IF(AZ20>59,"C",IF(AZ20>54,"D+",IF(AZ20>49,"D",IF(AZ20>=0,"F")))))))) -> F | BC20: =IF(BB20>=91, 4.00, IF(BB20>=81, 3.50, IF(BB20>=70, 3.00, IF(BB20>=65, 2.50, IF(BB20>=60, 2.00, IF(BB20>=55, 1.50, IF(BB20>=50, 1.00, 0.00))))))) | BD20: =IF(BB20>=91,"A",IF(BB20>=81,"B+",IF(BB20>=70,"B",IF(BB20>=65,"C+",IF(BB20>=60,"C",IF(BB20>=55,"D+",IF(BB20>=50,"D","F"))))))) | BE20: =IF(BC20>90,"A",IF(BC20>80,"B+",IF(BC20>69,"B",IF(BC20>64,"C+",IF(BC20>59,"C",IF(BC20>54,"D+",IF(BC20>49,"D",IF(BC20>=0,"F")))))))) -> F | BF20: =IF(BE20>=91, 4.00, IF(BE20>=81, 3.50, IF(BE20>=70, 3.00, IF(BE20>=65, 2.50, IF(BE20>=60, 2.00, IF(BE20>=55, 1.50, IF(BE20>=50, 1.00, 0.00))))))) | BG20: =IF(BE20>=91,"A",IF(BE20>=81,"B+",IF(BE20>=70,"B",IF(BE20>=65,"C+",IF(BE20>=60,"C",IF(BE20>=55,"D+",IF(BE20>=50,"D","F"))))))) | BH20: =IF(BF20>90,"A",IF(BF20>80,"B+",IF(BF20>69,"B",IF(BF20>64,"C+",IF(BF20>59,"C",IF(BF20>54,"D+",IF(BF20>49,"D",IF(BF20>=0,"F")))))))) -> F | BI20: =IF(BH20>=91, 4.00, IF(BH20>=81, 3.50, IF(BH20>=70, 3.00, IF(BH20>=65, 2.50, IF(BH20>=60, 2.00, IF(BH20>=55, 1.50, IF(BH20>=50, 1.00, 0.00))))))) | BJ20: =IF(BH20>=91,"A",IF(BH20>=81,"B+",IF(BH20>=70,"B",IF(BH20>=65,"C+",IF(BH20>=60,"C",IF(BH20>=55,"D+",IF(BH20>=50,"D","F"))))))) | BK20: =IF(BI20>90,"A",IF(BI20>80,"B+",IF(BI20>69,"B",IF(BI20>64,"C+",IF(BI20>59,"C",IF(BI20>54,"D+",IF(BI20>49,"D",IF(BI20>=0,"F")))))))) -> F | BL20: =IF(BK20>=91, 4.00, IF(BK20>=81, 3.50, IF(BK20>=70, 3.00, IF(BK20>=65, 2.50, IF(BK20>=60, 2.00, IF(BK20>=55, 1.50, IF(BK20>=50, 1.00, 0.00))))))) | BM20: =IF(BK20>=91,"A",IF(BK20>=81,"B+",IF(BK20>=70,"B",IF(BK20>=65,"C+",IF(BK20>=60,"C",IF(BK20>=55,"D+",IF(BK20>=50,"D","F"))))))) | BN20: =IF(BL20>90,"A",IF(BL20>80,"B+",IF(BL20>69,"B",IF(BL20>64,"C+",IF(BL20>59,"C",IF(BL20>54,"D+",IF(BL20>49,"D",IF(BL20>=0,"F")))))))) -> F | BO20: =IF(BN20>=91, 4.00, IF(BN20>=81, 3.50, IF(BN20>=70, 3.00, IF(BN20>=65, 2.50, IF(BN20>=60, 2.00, IF(BN20>=55, 1.50, IF(BN20>=50, 1.00, 0.00))))))) | BP20: =IF(BN20>=91,"A",IF(BN20>=81,"B+",IF(BN20>=70,"B",IF(BN20>=65,"C+",IF(BN20>=60,"C",IF(BN20>=55,"D+",IF(BN20>=50,"D","F"))))))) | BQ20: =ROUND((AN20*3+AQ20*2+AT20*1+AW20*2+AZ20*1+BC20*1+BF20*2+BI20*2+BL20*2+BO20*3)/19, 2) | BS20: =IF(BR20>90,"4.00",IF(BR20>80,"3.50",IF(BR20>69,"3.00",IF(BR20>64,"2.50",IF(BR20>59,"2.00",IF(BR20>54,"1.50",IF(BR20>49,"1.00","0.00"))))))) -> 0.00 | BT20: =IF(BR20>90,"A",IF(BR20>80,"B+",IF(BR20>69,"B",IF(BR20>64,"C+",IF(BR20>59,"C",IF(BR20>54,"D+",IF(BR20>49,"D",IF(BR20>=0,"F")))))))) -> F | BV20: =IF(BU20>90,"4.00",IF(BU20>80,"3.50",IF(BU20>69,"3.00",IF(BU20>64,"2.50",IF(BU20>59,"2.00",IF(BU20>54,"1.50",IF(BU20>49,"1.00","0.00"))))))) -> 0.00 | BW20: =IF(BU20>90,"A",IF(BU20>80,"B+",IF(BU20>69,"B",IF(BU20>64,"C+",IF(BU20>59,"C",IF(BU20>54,"D+",IF(BU20>49,"D",IF(BU20>=0,"F")))))))) -> F | BX20: =(AX20*3+BA20*2+BD20*1+BG20*2+BJ20*1+BM20*1+BP20*2+BS20*2+BV20*2)/(3+2+1+2+1+1+2+2+2) -> 0 | BY20: =(AL20+BX20)/2 -> 1.2647059 | BZ20: =RANK(BY20,$BY$7:BY48) -> 25
A21: 15 | B21: 125N0624/23 | C21: ທ້າວ | D21: ອັກຄະສອນ | E21: ແພງມະນີ | F21: Mr.Akkhasone | G21: PHANGMANY | H21: 26/08/2005 | I21: ນະຄອນຫຼວງວຽງຈັນ | J21: 1 | K21: 65 | L21: =IF(K21>=91, 4.00, IF(K21>=81, 3.50, IF(K21>=70, 3.00, IF(K21>=65, 2.50, IF(K21>=60, 2.00, IF(K21>=55, 1.50, IF(K21>=50, 1.00, 0.00))))))) | M21: =IF(K21>=91,"A",IF(K21>=81,"B+",IF(K21>=70,"B",IF(K21>=65,"C+",IF(K21>=60,"C",IF(K21>=55,"D+",IF(K21>=50,"D","F"))))))) | N21: 93 | O21: =IF(N21>=91, 4.00, IF(N21>=81, 3.50, IF(N21>=70, 3.00, IF(N21>=65, 2.50, IF(N21>=60, 2.00, IF(N21>=55, 1.50, IF(N21>=50, 1.00, 0.00))))))) | P21: =IF(N21>=91,"A",IF(N21>=81,"B+",IF(N21>=70,"B",IF(N21>=65,"C+",IF(N21>=60,"C",IF(N21>=55,"D+",IF(N21>=50,"D","F"))))))) | Q21: 84 | R21: =IF(Q21>=91, 4.00, IF(Q21>=81, 3.50, IF(Q21>=70, 3.00, IF(Q21>=65, 2.50, IF(Q21>=60, 2.00, IF(Q21>=55, 1.50, IF(Q21>=50, 1.00, 0.00))))))) | S21: =IF(Q21>=91,"A",IF(Q21>=81,"B+",IF(Q21>=70,"B",IF(Q21>=65,"C+",IF(Q21>=60,"C",IF(Q21>=55,"D+",IF(Q21>=50,"D","F"))))))) | T21: 58 | U21: =IF(T21>=91, 4.00, IF(T21>=81, 3.50, IF(T21>=70, 3.00, IF(T21>=65, 2.50, IF(T21>=60, 2.00, IF(T21>=55, 1.50, IF(T21>=50, 1.00, 0.00))))))) | V21: =IF(T21>=91,"A",IF(T21>=81,"B+",IF(T21>=70,"B",IF(T21>=65,"C+",IF(T21>=60,"C",IF(T21>=55,"D+",IF(T21>=50,"D","F"))))))) | W21: 55 | X21: =IF(W21>=91, 4.00, IF(W21>=81, 3.50, IF(W21>=70, 3.00, IF(W21>=65, 2.50, IF(W21>=60, 2.00, IF(W21>=55, 1.50, IF(W21>=50, 1.00, 0.00))))))) | Y21: =IF(W21>=91,"A",IF(W21>=81,"B+",IF(W21>=70,"B",IF(W21>=65,"C+",IF(W21>=60,"C",IF(W21>=55,"D+",IF(W21>=50,"D","F"))))))) | Z21: 86.6 | AA21: =IF(Z21>=91, 4.00, IF(Z21>=81, 3.50, IF(Z21>=70, 3.00, IF(Z21>=65, 2.50, IF(Z21>=60, 2.00, IF(Z21>=55, 1.50, IF(Z21>=50, 1.00, 0.00))))))) | AB21: =IF(Z21>=91,"A",IF(Z21>=81,"B+",IF(Z21>=70,"B",IF(Z21>=65,"C+",IF(Z21>=60,"C",IF(Z21>=55,"D+",IF(Z21>=50,"D","F"))))))) | AC21: 79.5 | AD21: =IF(AC21>=91, 4.00, IF(AC21>=81, 3.50, IF(AC21>=70, 3.00, IF(AC21>=65, 2.50, IF(AC21>=60, 2.00, IF(AC21>=55, 1.50, IF(AC21>=50, 1.00, 0.00))))))) | AE21: =IF(AC21>=91,"A",IF(AC21>=81,"B+",IF(AC21>=70,"B",IF(AC21>=65,"C+",IF(AC21>=60,"C",IF(AC21>=55,"D+",IF(AC21>=50,"D","F"))))))) | AF21: 80 | AG21: =IF(AF21>=91, 4.00, IF(AF21>=81, 3.50, IF(AF21>=70, 3.00, IF(AF21>=65, 2.50, IF(AF21>=60, 2.00, IF(AF21>=55, 1.50, IF(AF21>=50, 1.00, 0.00))))))) | AH21: =IF(AF21>=91,"A",IF(AF21>=81,"B+",IF(AF21>=70,"B",IF(AF21>=65,"C+",IF(AF21>=60,"C",IF(AF21>=55,"D+",IF(AF21>=50,"D","F"))))))) | AI21: 95 | AJ21: =IF(AI21>=91, 4.00, IF(AI21>=81, 3.50, IF(AI21>=70, 3.00, IF(AI21>=65, 2.50, IF(AI21>=60, 2.00, IF(AI21>=55, 1.50, IF(AI21>=50, 1.00, 0.00))))))) | AK21: =IF(AI21>=91,"A",IF(AI21>=81,"B+",IF(AI21>=70,"B",IF(AI21>=65,"C+",IF(AI21>=60,"C",IF(AI21>=55,"D+",IF(AI21>=50,"D","F"))))))) | AL21: =ROUND((L21*3+O21*2+R21*1+U21*2+X21*1+AA21*2+AD21*2+AG21*2+AJ21*2)/17, 2) | AM21: 93 | AN21: =IF(AM21>=91, 4.00, IF(AM21>=81, 3.50, IF(AM21>=70, 3.00, IF(AM21>=65, 2.50, IF(AM21>=60, 2.00, IF(AM21>=55, 1.50, IF(AM21>=50, 1.00, 0.00))))))) | AO21: =IF(AM21>=91,"A",IF(AM21>=81,"B+",IF(AM21>=70,"B",IF(AM21>=65,"C+",IF(AM21>=60,"C",IF(AM21>=55,"D+",IF(AM21>=50,"D","F"))))))) | AP21: ທ້າວ | AQ21: =IF(AP21>=91, 4.00, IF(AP21>=81, 3.50, IF(AP21>=70, 3.00, IF(AP21>=65, 2.50, IF(AP21>=60, 2.00, IF(AP21>=55, 1.50, IF(AP21>=50, 1.00, 0.00))))))) | AR21: =IF(AP21>=91,"A",IF(AP21>=81,"B+",IF(AP21>=70,"B",IF(AP21>=65,"C+",IF(AP21>=60,"C",IF(AP21>=55,"D+",IF(AP21>=50,"D","F"))))))) | AS21: Mr.Akkhasone | AT21: =IF(AS21>=91, 4.00, IF(AS21>=81, 3.50, IF(AS21>=70, 3.00, IF(AS21>=65, 2.50, IF(AS21>=60, 2.00, IF(AS21>=55, 1.50, IF(AS21>=50, 1.00, 0.00))))))) | AU21: =IF(AS21>=91,"A",IF(AS21>=81,"B+",IF(AS21>=70,"B",IF(AS21>=65,"C+",IF(AS21>=60,"C",IF(AS21>=55,"D+",IF(AS21>=50,"D","F"))))))) | AV21: ນະຄອນຫຼວງວຽງຈັນ | AW21: =IF(AV21>=91, 4.00, IF(AV21>=81, 3.50, IF(AV21>=70, 3.00, IF(AV21>=65, 2.50, IF(AV21>=60, 2.00, IF(AV21>=55, 1.50, IF(AV21>=50, 1.00, 0.00))))))) | AX21: =IF(AV21>=91,"A",IF(AV21>=81,"B+",IF(AV21>=70,"B",IF(AV21>=65,"C+",IF(AV21>=60,"C",IF(AV21>=55,"D+",IF(AV21>=50,"D","F"))))))) | AY21: =IF(AW21>90,"A",IF(AW21>80,"B+",IF(AW21>69,"B",IF(AW21>64,"C+",IF(AW21>59,"C",IF(AW21>54,"D+",IF(AW21>49,"D",IF(AW21>=0,"F")))))))) -> B | AZ21: =IF(AY21>=91, 4.00, IF(AY21>=81, 3.50, IF(AY21>=70, 3.00, IF(AY21>=65, 2.50, IF(AY21>=60, 2.00, IF(AY21>=55, 1.50, IF(AY21>=50, 1.00, 0.00))))))) | BA21: =IF(AY21>=91,"A",IF(AY21>=81,"B+",IF(AY21>=70,"B",IF(AY21>=65,"C+",IF(AY21>=60,"C",IF(AY21>=55,"D+",IF(AY21>=50,"D","F"))))))) | BB21: =IF(AZ21>90,"A",IF(AZ21>80,"B+",IF(AZ21>69,"B",IF(AZ21>64,"C+",IF(AZ21>59,"C",IF(AZ21>54,"D+",IF(AZ21>49,"D",IF(AZ21>=0,"F")))))))) -> B+ | BC21: =IF(BB21>=91, 4.00, IF(BB21>=81, 3.50, IF(BB21>=70, 3.00, IF(BB21>=65, 2.50, IF(BB21>=60, 2.00, IF(BB21>=55, 1.50, IF(BB21>=50, 1.00, 0.00))))))) | BD21: =IF(BB21>=91,"A",IF(BB21>=81,"B+",IF(BB21>=70,"B",IF(BB21>=65,"C+",IF(BB21>=60,"C",IF(BB21>=55,"D+",IF(BB21>=50,"D","F"))))))) | BE21: =IF(BC21>90,"A",IF(BC21>80,"B+",IF(BC21>69,"B",IF(BC21>64,"C+",IF(BC21>59,"C",IF(BC21>54,"D+",IF(BC21>49,"D",IF(BC21>=0,"F")))))))) -> D | BF21: =IF(BE21>=91, 4.00, IF(BE21>=81, 3.50, IF(BE21>=70, 3.00, IF(BE21>=65, 2.50, IF(BE21>=60, 2.00, IF(BE21>=55, 1.50, IF(BE21>=50, 1.00, 0.00))))))) | BG21: =IF(BE21>=91,"A",IF(BE21>=81,"B+",IF(BE21>=70,"B",IF(BE21>=65,"C+",IF(BE21>=60,"C",IF(BE21>=55,"D+",IF(BE21>=50,"D","F"))))))) | BH21: =IF(BF21>90,"A",IF(BF21>80,"B+",IF(BF21>69,"B",IF(BF21>64,"C+",IF(BF21>59,"C",IF(BF21>54,"D+",IF(BF21>49,"D",IF(BF21>=0,"F")))))))) -> C+ | BI21: =IF(BH21>=91, 4.00, IF(BH21>=81, 3.50, IF(BH21>=70, 3.00, IF(BH21>=65, 2.50, IF(BH21>=60, 2.00, IF(BH21>=55, 1.50, IF(BH21>=50, 1.00, 0.00))))))) | BJ21: =IF(BH21>=91,"A",IF(BH21>=81,"B+",IF(BH21>=70,"B",IF(BH21>=65,"C+",IF(BH21>=60,"C",IF(BH21>=55,"D+",IF(BH21>=50,"D","F"))))))) | BK21: =IF(BI21>90,"A",IF(BI21>80,"B+",IF(BI21>69,"B",IF(BI21>64,"C+",IF(BI21>59,"C",IF(BI21>54,"D+",IF(BI21>49,"D",IF(BI21>=0,"F")))))))) -> B | BL21: =IF(BK21>=91, 4.00, IF(BK21>=81, 3.50, IF(BK21>=70, 3.00, IF(BK21>=65, 2.50, IF(BK21>=60, 2.00, IF(BK21>=55, 1.50, IF(BK21>=50, 1.00, 0.00))))))) | BM21: =IF(BK21>=91,"A",IF(BK21>=81,"B+",IF(BK21>=70,"B",IF(BK21>=65,"C+",IF(BK21>=60,"C",IF(BK21>=55,"D+",IF(BK21>=50,"D","F"))))))) | BN21: =IF(BL21>90,"A",IF(BL21>80,"B+",IF(BL21>69,"B",IF(BL21>64,"C+",IF(BL21>59,"C",IF(BL21>54,"D+",IF(BL21>49,"D",IF(BL21>=0,"F")))))))) -> B+ | BO21: =IF(BN21>=91, 4.00, IF(BN21>=81, 3.50, IF(BN21>=70, 3.00, IF(BN21>=65, 2.50, IF(BN21>=60, 2.00, IF(BN21>=55, 1.50, IF(BN21>=50, 1.00, 0.00))))))) | BP21: =IF(BN21>=91,"A",IF(BN21>=81,"B+",IF(BN21>=70,"B",IF(BN21>=65,"C+",IF(BN21>=60,"C",IF(BN21>=55,"D+",IF(BN21>=50,"D","F"))))))) | BQ21: =ROUND((AN21*3+AQ21*2+AT21*1+AW21*2+AZ21*1+BC21*1+BF21*2+BI21*2+BL21*2+BO21*3)/19, 2) | BR21: 75 | BS21: =IF(BR21>90,"4.00",IF(BR21>80,"3.50",IF(BR21>69,"3.00",IF(BR21>64,"2.50",IF(BR21>59,"2.00",IF(BR21>54,"1.50",IF(BR21>49,"1.00","0.00"))))))) -> 3.00 | BT21: =IF(BR21>90,"A",IF(BR21>80,"B+",IF(BR21>69,"B",IF(BR21>64,"C+",IF(BR21>59,"C",IF(BR21>54,"D+",IF(BR21>49,"D",IF(BR21>=0,"F")))))))) -> B | BU21: 74 | BV21: =IF(BU21>90,"4.00",IF(BU21>80,"3.50",IF(BU21>69,"3.00",IF(BU21>64,"2.50",IF(BU21>59,"2.00",IF(BU21>54,"1.50",IF(BU21>49,"1.00","0.00"))))))) -> 3.00 | BW21: =IF(BU21>90,"A",IF(BU21>80,"B+",IF(BU21>69,"B",IF(BU21>64,"C+",IF(BU21>59,"C",IF(BU21>54,"D+",IF(BU21>49,"D",IF(BU21>=0,"F")))))))) -> B | BX21: =(AX21*3+BA21*2+BD21*1+BG21*2+BJ21*1+BM21*1+BP21*2+BS21*2+BV21*2)/(3+2+1+2+1+1+2+2+2) -> 2.96875 | BY21: =(AL21+BX21)/2 -> 2.8667279 | BZ21: =RANK(BY21,$BY$7:BY49) -> 13
A22: 16 | B22: 125N0627/23 | C22: ທ້າວ | D22: ໂຊກໄຊ | E22: ແປງມະນີວົງ | F22: Mr.Sokxay | G22: PENGMANIVONG | H22: 29/10/2005 | I22: ນະຄອນຫຼວງວຽງຈັນ | J22: 1 | K22: 82 | L22: =IF(K22>=91, 4.00, IF(K22>=81, 3.50, IF(K22>=70, 3.00, IF(K22>=65, 2.50, IF(K22>=60, 2.00, IF(K22>=55, 1.50, IF(K22>=50, 1.00, 0.00))))))) | M22: =IF(K22>=91,"A",IF(K22>=81,"B+",IF(K22>=70,"B",IF(K22>=65,"C+",IF(K22>=60,"C",IF(K22>=55,"D+",IF(K22>=50,"D","F"))))))) | N22: 93 | O22: =IF(N22>=91, 4.00, IF(N22>=81, 3.50, IF(N22>=70, 3.00, IF(N22>=65, 2.50, IF(N22>=60, 2.00, IF(N22>=55, 1.50, IF(N22>=50, 1.00, 0.00))))))) | P22: =IF(N22>=91,"A",IF(N22>=81,"B+",IF(N22>=70,"B",IF(N22>=65,"C+",IF(N22>=60,"C",IF(N22>=55,"D+",IF(N22>=50,"D","F"))))))) | Q22: 95 | R22: =IF(Q22>=91, 4.00, IF(Q22>=81, 3.50, IF(Q22>=70, 3.00, IF(Q22>=65, 2.50, IF(Q22>=60, 2.00, IF(Q22>=55, 1.50, IF(Q22>=50, 1.00, 0.00))))))) | S22: =IF(Q22>=91,"A",IF(Q22>=81,"B+",IF(Q22>=70,"B",IF(Q22>=65,"C+",IF(Q22>=60,"C",IF(Q22>=55,"D+",IF(Q22>=50,"D","F"))))))) | T22: 79 | U22: =IF(T22>=91, 4.00, IF(T22>=81, 3.50, IF(T22>=70, 3.00, IF(T22>=65, 2.50, IF(T22>=60, 2.00, IF(T22>=55, 1.50, IF(T22>=50, 1.00, 0.00))))))) | V22: =IF(T22>=91,"A",IF(T22>=81,"B+",IF(T22>=70,"B",IF(T22>=65,"C+",IF(T22>=60,"C",IF(T22>=55,"D+",IF(T22>=50,"D","F"))))))) | W22: 72 | X22: =IF(W22>=91, 4.00, IF(W22>=81, 3.50, IF(W22>=70, 3.00, IF(W22>=65, 2.50, IF(W22>=60, 2.00, IF(W22>=55, 1.50, IF(W22>=50, 1.00, 0.00))))))) | Y22: =IF(W22>=91,"A",IF(W22>=81,"B+",IF(W22>=70,"B",IF(W22>=65,"C+",IF(W22>=60,"C",IF(W22>=55,"D+",IF(W22>=50,"D","F"))))))) | Z22: 88.43 | AA22: =IF(Z22>=91, 4.00, IF(Z22>=81, 3.50, IF(Z22>=70, 3.00, IF(Z22>=65, 2.50, IF(Z22>=60, 2.00, IF(Z22>=55, 1.50, IF(Z22>=50, 1.00, 0.00))))))) | AB22: =IF(Z22>=91,"A",IF(Z22>=81,"B+",IF(Z22>=70,"B",IF(Z22>=65,"C+",IF(Z22>=60,"C",IF(Z22>=55,"D+",IF(Z22>=50,"D","F"))))))) | AC22: 78.5 | AD22: =IF(AC22>=91, 4.00, IF(AC22>=81, 3.50, IF(AC22>=70, 3.00, IF(AC22>=65, 2.50, IF(AC22>=60, 2.00, IF(AC22>=55, 1.50, IF(AC22>=50, 1.00, 0.00))))))) | AE22: =IF(AC22>=91,"A",IF(AC22>=81,"B+",IF(AC22>=70,"B",IF(AC22>=65,"C+",IF(AC22>=60,"C",IF(AC22>=55,"D+",IF(AC22>=50,"D","F"))))))) | AF22: 80 | AG22: =IF(AF22>=91, 4.00, IF(AF22>=81, 3.50, IF(AF22>=70, 3.00, IF(AF22>=65, 2.50, IF(AF22>=60, 2.00, IF(AF22>=55, 1.50, IF(AF22>=50, 1.00, 0.00))))))) | AH22: =IF(AF22>=91,"A",IF(AF22>=81,"B+",IF(AF22>=70,"B",IF(AF22>=65,"C+",IF(AF22>=60,"C",IF(AF22>=55,"D+",IF(AF22>=50,"D","F"))))))) | AI22: 96 | AJ22: =IF(AI22>=91, 4.00, IF(AI22>=81, 3.50, IF(AI22>=70, 3.00, IF(AI22>=65, 2.50, IF(AI22>=60, 2.00, IF(AI22>=55, 1.50, IF(AI22>=50, 1.00, 0.00))))))) | AK22: =IF(AI22>=91,"A",IF(AI22>=81,"B+",IF(AI22>=70,"B",IF(AI22>=65,"C+",IF(AI22>=60,"C",IF(AI22>=55,"D+",IF(AI22>=50,"D","F"))))))) | AL22: =ROUND((L22*3+O22*2+R22*1+U22*2+X22*1+AA22*2+AD22*2+AG22*2+AJ22*2)/17, 2) | AM22: 75 | AN22: =IF(AM22>=91, 4.00, IF(AM22>=81, 3.50, IF(AM22>=70, 3.00, IF(AM22>=65, 2.50, IF(AM22>=60, 2.00, IF(AM22>=55, 1.50, IF(AM22>=50, 1.00, 0.00))))))) | AO22: =IF(AM22>=91,"A",IF(AM22>=81,"B+",IF(AM22>=70,"B",IF(AM22>=65,"C+",IF(AM22>=60,"C",IF(AM22>=55,"D+",IF(AM22>=50,"D","F"))))))) | AP22: ທ້າວ | AQ22: =IF(AP22>=91, 4.00, IF(AP22>=81, 3.50, IF(AP22>=70, 3.00, IF(AP22>=65, 2.50, IF(AP22>=60, 2.00, IF(AP22>=55, 1.50, IF(AP22>=50, 1.00, 0.00))))))) | AR22: =IF(AP22>=91,"A",IF(AP22>=81,"B+",IF(AP22>=70,"B",IF(AP22>=65,"C+",IF(AP22>=60,"C",IF(AP22>=55,"D+",IF(AP22>=50,"D","F"))))))) | AS22: Mr.Sokxay | AT22: =IF(AS22>=91, 4.00, IF(AS22>=81, 3.50, IF(AS22>=70, 3.00, IF(AS22>=65, 2.50, IF(AS22>=60, 2.00, IF(AS22>=55, 1.50, IF(AS22>=50, 1.00, 0.00))))))) | AU22: =IF(AS22>=91,"A",IF(AS22>=81,"B+",IF(AS22>=70,"B",IF(AS22>=65,"C+",IF(AS22>=60,"C",IF(AS22>=55,"D+",IF(AS22>=50,"D","F"))))))) | AV22: ນະຄອນຫຼວງວຽງຈັນ | AW22: =IF(AV22>=91, 4.00, IF(AV22>=81, 3.50, IF(AV22>=70, 3.00, IF(AV22>=65, 2.50, IF(AV22>=60, 2.00, IF(AV22>=55, 1.50, IF(AV22>=50, 1.00, 0.00))))))) | AX22: =IF(AV22>=91,"A",IF(AV22>=81,"B+",IF(AV22>=70,"B",IF(AV22>=65,"C+",IF(AV22>=60,"C",IF(AV22>=55,"D+",IF(AV22>=50,"D","F"))))))) | AY22: =IF(AW22>90,"A",IF(AW22>80,"B+",IF(AW22>69,"B",IF(AW22>64,"C+",IF(AW22>59,"C",IF(AW22>54,"D+",IF(AW22>49,"D",IF(AW22>=0,"F")))))))) -> A | AZ22: =IF(AY22>=91, 4.00, IF(AY22>=81, 3.50, IF(AY22>=70, 3.00, IF(AY22>=65, 2.50, IF(AY22>=60, 2.00, IF(AY22>=55, 1.50, IF(AY22>=50, 1.00, 0.00))))))) | BA22: =IF(AY22>=91,"A",IF(AY22>=81,"B+",IF(AY22>=70,"B",IF(AY22>=65,"C+",IF(AY22>=60,"C",IF(AY22>=55,"D+",IF(AY22>=50,"D","F"))))))) | BB22: =IF(AZ22>90,"A",IF(AZ22>80,"B+",IF(AZ22>69,"B",IF(AZ22>64,"C+",IF(AZ22>59,"C",IF(AZ22>54,"D+",IF(AZ22>49,"D",IF(AZ22>=0,"F")))))))) -> A | BC22: =IF(BB22>=91, 4.00, IF(BB22>=81, 3.50, IF(BB22>=70, 3.00, IF(BB22>=65, 2.50, IF(BB22>=60, 2.00, IF(BB22>=55, 1.50, IF(BB22>=50, 1.00, 0.00))))))) | BD22: =IF(BB22>=91,"A",IF(BB22>=81,"B+",IF(BB22>=70,"B",IF(BB22>=65,"C+",IF(BB22>=60,"C",IF(BB22>=55,"D+",IF(BB22>=50,"D","F"))))))) | BE22: =IF(BC22>90,"A",IF(BC22>80,"B+",IF(BC22>69,"B",IF(BC22>64,"C+",IF(BC22>59,"C",IF(BC22>54,"D+",IF(BC22>49,"D",IF(BC22>=0,"F")))))))) -> A | BF22: =IF(BE22>=91, 4.00, IF(BE22>=81, 3.50, IF(BE22>=70, 3.00, IF(BE22>=65, 2.50, IF(BE22>=60, 2.00, IF(BE22>=55, 1.50, IF(BE22>=50, 1.00, 0.00))))))) | BG22: =IF(BE22>=91,"A",IF(BE22>=81,"B+",IF(BE22>=70,"B",IF(BE22>=65,"C+",IF(BE22>=60,"C",IF(BE22>=55,"D+",IF(BE22>=50,"D","F"))))))) | BH22: =IF(BF22>90,"A",IF(BF22>80,"B+",IF(BF22>69,"B",IF(BF22>64,"C+",IF(BF22>59,"C",IF(BF22>54,"D+",IF(BF22>49,"D",IF(BF22>=0,"F")))))))) -> B+ | BI22: =IF(BH22>=91, 4.00, IF(BH22>=81, 3.50, IF(BH22>=70, 3.00, IF(BH22>=65, 2.50, IF(BH22>=60, 2.00, IF(BH22>=55, 1.50, IF(BH22>=50, 1.00, 0.00))))))) | BJ22: =IF(BH22>=91,"A",IF(BH22>=81,"B+",IF(BH22>=70,"B",IF(BH22>=65,"C+",IF(BH22>=60,"C",IF(BH22>=55,"D+",IF(BH22>=50,"D","F"))))))) | BK22: =IF(BI22>90,"A",IF(BI22>80,"B+",IF(BI22>69,"B",IF(BI22>64,"C+",IF(BI22>59,"C",IF(BI22>54,"D+",IF(BI22>49,"D",IF(BI22>=0,"F")))))))) -> A | BL22: =IF(BK22>=91, 4.00, IF(BK22>=81, 3.50, IF(BK22>=70, 3.00, IF(BK22>=65, 2.50, IF(BK22>=60, 2.00, IF(BK22>=55, 1.50, IF(BK22>=50, 1.00, 0.00))))))) | BM22: =IF(BK22>=91,"A",IF(BK22>=81,"B+",IF(BK22>=70,"B",IF(BK22>=65,"C+",IF(BK22>=60,"C",IF(BK22>=55,"D+",IF(BK22>=50,"D","F"))))))) | BN22: =IF(BL22>90,"A",IF(BL22>80,"B+",IF(BL22>69,"B",IF(BL22>64,"C+",IF(BL22>59,"C",IF(BL22>54,"D+",IF(BL22>49,"D",IF(BL22>=0,"F")))))))) -> A | BO22: =IF(BN22>=91, 4.00, IF(BN22>=81, 3.50, IF(BN22>=70, 3.00, IF(BN22>=65, 2.50, IF(BN22>=60, 2.00, IF(BN22>=55, 1.50, IF(BN22>=50, 1.00, 0.00))))))) | BP22: =IF(BN22>=91,"A",IF(BN22>=81,"B+",IF(BN22>=70,"B",IF(BN22>=65,"C+",IF(BN22>=60,"C",IF(BN22>=55,"D+",IF(BN22>=50,"D","F"))))))) | BQ22: =ROUND((AN22*3+AQ22*2+AT22*1+AW22*2+AZ22*1+BC22*1+BF22*2+BI22*2+BL22*2+BO22*3)/19, 2) | BR22: 83 | BS22: =IF(BR22>90,"4.00",IF(BR22>80,"3.50",IF(BR22>69,"3.00",IF(BR22>64,"2.50",IF(BR22>59,"2.00",IF(BR22>54,"1.50",IF(BR22>49,"1.00","0.00"))))))) -> 3.50 | BT22: =IF(BR22>90,"A",IF(BR22>80,"B+",IF(BR22>69,"B",IF(BR22>64,"C+",IF(BR22>59,"C",IF(BR22>54,"D+",IF(BR22>49,"D",IF(BR22>=0,"F")))))))) -> B+ | BU22: 71 | BV22: =IF(BU22>90,"4.00",IF(BU22>80,"3.50",IF(BU22>69,"3.00",IF(BU22>64,"2.50",IF(BU22>59,"2.00",IF(BU22>54,"1.50",IF(BU22>49,"1.00","0.00"))))))) -> 3.00 | BW22: =IF(BU22>90,"A",IF(BU22>80,"B+",IF(BU22>69,"B",IF(BU22>64,"C+",IF(BU22>59,"C",IF(BU22>54,"D+",IF(BU22>49,"D",IF(BU22>=0,"F")))))))) -> B | BX22: =(AX22*3+BA22*2+BD22*1+BG22*2+BJ22*1+BM22*1+BP22*2+BS22*2+BV22*2)/(3+2+1+2+1+1+2+2+2) -> 3.625 | BY22: =(AL22+BX22)/2 -> 3.4301471 | BZ22: =RANK(BY22,$BY$7:BY52) -> 2
A23: 17 | B23: 125N0630/23 | C23: ທ້າວ | D23: ໂຕມອນ | E23: ແກ້ວມຸກດາ | F23: Mr.Tomone | G23: KEOMOUKDA | H23: 38637 | I23: ນະຄອນຫຼວງວຽງຈັນ | J23: 1 | K23: 51 | L23: =IF(K23>=91, 4.00, IF(K23>=81, 3.50, IF(K23>=70, 3.00, IF(K23>=65, 2.50, IF(K23>=60, 2.00, IF(K23>=55, 1.50, IF(K23>=50, 1.00, 0.00))))))) | M23: =IF(K23>=91,"A",IF(K23>=81,"B+",IF(K23>=70,"B",IF(K23>=65,"C+",IF(K23>=60,"C",IF(K23>=55,"D+",IF(K23>=50,"D","F"))))))) | N23: 78 | O23: =IF(N23>=91, 4.00, IF(N23>=81, 3.50, IF(N23>=70, 3.00, IF(N23>=65, 2.50, IF(N23>=60, 2.00, IF(N23>=55, 1.50, IF(N23>=50, 1.00, 0.00))))))) | P23: =IF(N23>=91,"A",IF(N23>=81,"B+",IF(N23>=70,"B",IF(N23>=65,"C+",IF(N23>=60,"C",IF(N23>=55,"D+",IF(N23>=50,"D","F"))))))) | Q23: 66 | R23: =IF(Q23>=91, 4.00, IF(Q23>=81, 3.50, IF(Q23>=70, 3.00, IF(Q23>=65, 2.50, IF(Q23>=60, 2.00, IF(Q23>=55, 1.50, IF(Q23>=50, 1.00, 0.00))))))) | S23: =IF(Q23>=91,"A",IF(Q23>=81,"B+",IF(Q23>=70,"B",IF(Q23>=65,"C+",IF(Q23>=60,"C",IF(Q23>=55,"D+",IF(Q23>=50,"D","F"))))))) | T23: 47 | U23: =IF(T23>=91, 4.00, IF(T23>=81, 3.50, IF(T23>=70, 3.00, IF(T23>=65, 2.50, IF(T23>=60, 2.00, IF(T23>=55, 1.50, IF(T23>=50, 1.00, 0.00))))))) | V23: =IF(T23>=91,"A",IF(T23>=81,"B+",IF(T23>=70,"B",IF(T23>=65,"C+",IF(T23>=60,"C",IF(T23>=55,"D+",IF(T23>=50,"D","F"))))))) | W23: 41 | X23: =IF(W23>=91, 4.00, IF(W23>=81, 3.50, IF(W23>=70, 3.00, IF(W23>=65, 2.50, IF(W23>=60, 2.00, IF(W23>=55, 1.50, IF(W23>=50, 1.00, 0.00))))))) | Y23: =IF(W23>=91,"A",IF(W23>=81,"B+",IF(W23>=70,"B",IF(W23>=65,"C+",IF(W23>=60,"C",IF(W23>=55,"D+",IF(W23>=50,"D","F"))))))) | Z23: 33.57 | AA23: =IF(Z23>=91, 4.00, IF(Z23>=81, 3.50, IF(Z23>=70, 3.00, IF(Z23>=65, 2.50, IF(Z23>=60, 2.00, IF(Z23>=55, 1.50, IF(Z23>=50, 1.00, 0.00))))))) | AB23: =IF(Z23>=91,"A",IF(Z23>=81,"B+",IF(Z23>=70,"B",IF(Z23>=65,"C+",IF(Z23>=60,"C",IF(Z23>=55,"D+",IF(Z23>=50,"D","F"))))))) | AC23: 58.5 | AD23: =IF(AC23>=91, 4.00, IF(AC23>=81, 3.50, IF(AC23>=70, 3.00, IF(AC23>=65, 2.50, IF(AC23>=60, 2.00, IF(AC23>=55, 1.50, IF(AC23>=50, 1.00, 0.00))))))) | AE23: =IF(AC23>=91,"A",IF(AC23>=81,"B+",IF(AC23>=70,"B",IF(AC23>=65,"C+",IF(AC23>=60,"C",IF(AC23>=55,"D+",IF(AC23>=50,"D","F"))))))) | AF23: 80 | AG23: =IF(AF23>=91, 4.00, IF(AF23>=81, 3.50, IF(AF23>=70, 3.00, IF(AF23>=65, 2.50, IF(AF23>=60, 2.00, IF(AF23>=55, 1.50, IF(AF23>=50, 1.00, 0.00))))))) | AH23: =IF(AF23>=91,"A",IF(AF23>=81,"B+",IF(AF23>=70,"B",IF(AF23>=65,"C+",IF(AF23>=60,"C",IF(AF23>=55,"D+",IF(AF23>=50,"D","F"))))))) | AI23: 97 | AJ23: =IF(AI23>=91, 4.00, IF(AI23>=81, 3.50, IF(AI23>=70, 3.00, IF(AI23>=65, 2.50, IF(AI23>=60, 2.00, IF(AI23>=55, 1.50, IF(AI23>=50, 1.00, 0.00))))))) | AK23: =IF(AI23>=91,"A",IF(AI23>=81,"B+",IF(AI23>=70,"B",IF(AI23>=65,"C+",IF(AI23>=60,"C",IF(AI23>=55,"D+",IF(AI23>=50,"D","F"))))))) | AL23: =ROUND((L23*3+O23*2+R23*1+U23*2+X23*1+AA23*2+AD23*2+AG23*2+AJ23*2)/17, 2) | AM23: 78 | AN23: =IF(AM23>=91, 4.00, IF(AM23>=81, 3.50, IF(AM23>=70, 3.00, IF(AM23>=65, 2.50, IF(AM23>=60, 2.00, IF(AM23>=55, 1.50, IF(AM23>=50, 1.00, 0.00))))))) | AO23: =IF(AM23>=91,"A",IF(AM23>=81,"B+",IF(AM23>=70,"B",IF(AM23>=65,"C+",IF(AM23>=60,"C",IF(AM23>=55,"D+",IF(AM23>=50,"D","F"))))))) | AP23: ທ້າວ | AQ23: =IF(AP23>=91, 4.00, IF(AP23>=81, 3.50, IF(AP23>=70, 3.00, IF(AP23>=65, 2.50, IF(AP23>=60, 2.00, IF(AP23>=55, 1.50, IF(AP23>=50, 1.00, 0.00))))))) | AR23: =IF(AP23>=91,"A",IF(AP23>=81,"B+",IF(AP23>=70,"B",IF(AP23>=65,"C+",IF(AP23>=60,"C",IF(AP23>=55,"D+",IF(AP23>=50,"D","F"))))))) | AS23: Mr.Tomone | AT23: =IF(AS23>=91, 4.00, IF(AS23>=81, 3.50, IF(AS23>=70, 3.00, IF(AS23>=65, 2.50, IF(AS23>=60, 2.00, IF(AS23>=55, 1.50, IF(AS23>=50, 1.00, 0.00))))))) | AU23: =IF(AS23>=91,"A",IF(AS23>=81,"B+",IF(AS23>=70,"B",IF(AS23>=65,"C+",IF(AS23>=60,"C",IF(AS23>=55,"D+",IF(AS23>=50,"D","F"))))))) | AV23: ນະຄອນຫຼວງວຽງຈັນ | AW23: =IF(AV23>=91, 4.00, IF(AV23>=81, 3.50, IF(AV23>=70, 3.00, IF(AV23>=65, 2.50, IF(AV23>=60, 2.00, IF(AV23>=55, 1.50, IF(AV23>=50, 1.00, 0.00))))))) | AX23: =IF(AV23>=91,"A",IF(AV23>=81,"B+",IF(AV23>=70,"B",IF(AV23>=65,"C+",IF(AV23>=60,"C",IF(AV23>=55,"D+",IF(AV23>=50,"D","F"))))))) | AY23: =IF(AW23>90,"A",IF(AW23>80,"B+",IF(AW23>69,"B",IF(AW23>64,"C+",IF(AW23>59,"C",IF(AW23>54,"D+",IF(AW23>49,"D",IF(AW23>=0,"F")))))))) -> F | AZ23: =IF(AY23>=91, 4.00, IF(AY23>=81, 3.50, IF(AY23>=70, 3.00, IF(AY23>=65, 2.50, IF(AY23>=60, 2.00, IF(AY23>=55, 1.50, IF(AY23>=50, 1.00, 0.00))))))) | BA23: =IF(AY23>=91,"A",IF(AY23>=81,"B+",IF(AY23>=70,"B",IF(AY23>=65,"C+",IF(AY23>=60,"C",IF(AY23>=55,"D+",IF(AY23>=50,"D","F"))))))) | BB23: =IF(AZ23>90,"A",IF(AZ23>80,"B+",IF(AZ23>69,"B",IF(AZ23>64,"C+",IF(AZ23>59,"C",IF(AZ23>54,"D+",IF(AZ23>49,"D",IF(AZ23>=0,"F")))))))) -> F | BC23: =IF(BB23>=91, 4.00, IF(BB23>=81, 3.50, IF(BB23>=70, 3.00, IF(BB23>=65, 2.50, IF(BB23>=60, 2.00, IF(BB23>=55, 1.50, IF(BB23>=50, 1.00, 0.00))))))) | BD23: =IF(BB23>=91,"A",IF(BB23>=81,"B+",IF(BB23>=70,"B",IF(BB23>=65,"C+",IF(BB23>=60,"C",IF(BB23>=55,"D+",IF(BB23>=50,"D","F"))))))) | BE23: =IF(BC23>90,"A",IF(BC23>80,"B+",IF(BC23>69,"B",IF(BC23>64,"C+",IF(BC23>59,"C",IF(BC23>54,"D+",IF(BC23>49,"D",IF(BC23>=0,"F")))))))) -> F | BF23: =IF(BE23>=91, 4.00, IF(BE23>=81, 3.50, IF(BE23>=70, 3.00, IF(BE23>=65, 2.50, IF(BE23>=60, 2.00, IF(BE23>=55, 1.50, IF(BE23>=50, 1.00, 0.00))))))) | BG23: =IF(BE23>=91,"A",IF(BE23>=81,"B+",IF(BE23>=70,"B",IF(BE23>=65,"C+",IF(BE23>=60,"C",IF(BE23>=55,"D+",IF(BE23>=50,"D","F"))))))) | BH23: =IF(BF23>90,"A",IF(BF23>80,"B+",IF(BF23>69,"B",IF(BF23>64,"C+",IF(BF23>59,"C",IF(BF23>54,"D+",IF(BF23>49,"D",IF(BF23>=0,"F")))))))) -> F | BI23: =IF(BH23>=91, 4.00, IF(BH23>=81, 3.50, IF(BH23>=70, 3.00, IF(BH23>=65, 2.50, IF(BH23>=60, 2.00, IF(BH23>=55, 1.50, IF(BH23>=50, 1.00, 0.00))))))) | BJ23: =IF(BH23>=91,"A",IF(BH23>=81,"B+",IF(BH23>=70,"B",IF(BH23>=65,"C+",IF(BH23>=60,"C",IF(BH23>=55,"D+",IF(BH23>=50,"D","F"))))))) | BK23: =IF(BI23>90,"A",IF(BI23>80,"B+",IF(BI23>69,"B",IF(BI23>64,"C+",IF(BI23>59,"C",IF(BI23>54,"D+",IF(BI23>49,"D",IF(BI23>=0,"F")))))))) -> F | BL23: =IF(BK23>=91, 4.00, IF(BK23>=81, 3.50, IF(BK23>=70, 3.00, IF(BK23>=65, 2.50, IF(BK23>=60, 2.00, IF(BK23>=55, 1.50, IF(BK23>=50, 1.00, 0.00))))))) | BM23: =IF(BK23>=91,"A",IF(BK23>=81,"B+",IF(BK23>=70,"B",IF(BK23>=65,"C+",IF(BK23>=60,"C",IF(BK23>=55,"D+",IF(BK23>=50,"D","F"))))))) | BN23: =IF(BL23>90,"A",IF(BL23>80,"B+",IF(BL23>69,"B",IF(BL23>64,"C+",IF(BL23>59,"C",IF(BL23>54,"D+",IF(BL23>49,"D",IF(BL23>=0,"F")))))))) -> F | BO23: =IF(BN23>=91, 4.00, IF(BN23>=81, 3.50, IF(BN23>=70, 3.00, IF(BN23>=65, 2.50, IF(BN23>=60, 2.00, IF(BN23>=55, 1.50, IF(BN23>=50, 1.00, 0.00))))))) | BP23: =IF(BN23>=91,"A",IF(BN23>=81,"B+",IF(BN23>=70,"B",IF(BN23>=65,"C+",IF(BN23>=60,"C",IF(BN23>=55,"D+",IF(BN23>=50,"D","F"))))))) | BQ23: =ROUND((AN23*3+AQ23*2+AT23*1+AW23*2+AZ23*1+BC23*1+BF23*2+BI23*2+BL23*2+BO23*3)/19, 2) | BR23: 74 | BS23: =IF(BR23>90,"4.00",IF(BR23>80,"3.50",IF(BR23>69,"3.00",IF(BR23>64,"2.50",IF(BR23>59,"2.00",IF(BR23>54,"1.50",IF(BR23>49,"1.00","0.00"))))))) -> 3.00 | BT23: =IF(BR23>90,"A",IF(BR23>80,"B+",IF(BR23>69,"B",IF(BR23>64,"C+",IF(BR23>59,"C",IF(BR23>54,"D+",IF(BR23>49,"D",IF(BR23>=0,"F")))))))) -> B | BU23: 64 | BV23: =IF(BU23>90,"4.00",IF(BU23>80,"3.50",IF(BU23>69,"3.00",IF(BU23>64,"2.50",IF(BU23>59,"2.00",IF(BU23>54,"1.50",IF(BU23>49,"1.00","0.00"))))))) -> 2.00 | BW23: =IF(BU23>90,"A",IF(BU23>80,"B+",IF(BU23>69,"B",IF(BU23>64,"C+",IF(BU23>59,"C",IF(BU23>54,"D+",IF(BU23>49,"D",IF(BU23>=0,"F")))))))) -> C | BX23: =(AX23*3+BA23*2+BD23*1+BG23*2+BJ23*1+BM23*1+BP23*2+BS23*2+BV23*2)/(3+2+1+2+1+1+2+2+2) -> 0.625 | BY23: =(AL23+BX23)/2 -> 1.1507353 | BZ23: =RANK(BY23,$BY$7:BY55) -> 26
A24: 18 | B24: 125N0631/23 | C24: ນາງ | D24: ລະອອງຄຳ | E24: ມົວຫວ່າງຢ່າ | F24: Ms.Laongkham | G24: MOAVONGYA | H24: 13/12/2005 | I24: ຊຽງຂວາງ | J24: 1 | K24: 67 | L24: =IF(K24>=91, 4.00, IF(K24>=81, 3.50, IF(K24>=70, 3.00, IF(K24>=65, 2.50, IF(K24>=60, 2.00, IF(K24>=55, 1.50, IF(K24>=50, 1.00, 0.00))))))) | M24: =IF(K24>=91,"A",IF(K24>=81,"B+",IF(K24>=70,"B",IF(K24>=65,"C+",IF(K24>=60,"C",IF(K24>=55,"D+",IF(K24>=50,"D","F"))))))) | N24: 90 | O24: =IF(N24>=91, 4.00, IF(N24>=81, 3.50, IF(N24>=70, 3.00, IF(N24>=65, 2.50, IF(N24>=60, 2.00, IF(N24>=55, 1.50, IF(N24>=50, 1.00, 0.00))))))) | P24: =IF(N24>=91,"A",IF(N24>=81,"B+",IF(N24>=70,"B",IF(N24>=65,"C+",IF(N24>=60,"C",IF(N24>=55,"D+",IF(N24>=50,"D","F"))))))) | Q24: 90 | R24: =IF(Q24>=91, 4.00, IF(Q24>=81, 3.50, IF(Q24>=70, 3.00, IF(Q24>=65, 2.50, IF(Q24>=60, 2.00, IF(Q24>=55, 1.50, IF(Q24>=50, 1.00, 0.00))))))) | S24: =IF(Q24>=91,"A",IF(Q24>=81,"B+",IF(Q24>=70,"B",IF(Q24>=65,"C+",IF(Q24>=60,"C",IF(Q24>=55,"D+",IF(Q24>=50,"D","F"))))))) | T24: 72 | U24: =IF(T24>=91, 4.00, IF(T24>=81, 3.50, IF(T24>=70, 3.00, IF(T24>=65, 2.50, IF(T24>=60, 2.00, IF(T24>=55, 1.50, IF(T24>=50, 1.00, 0.00))))))) | V24: =IF(T24>=91,"A",IF(T24>=81,"B+",IF(T24>=70,"B",IF(T24>=65,"C+",IF(T24>=60,"C",IF(T24>=55,"D+",IF(T24>=50,"D","F"))))))) | W24: 57 | X24: =IF(W24>=91, 4.00, IF(W24>=81, 3.50, IF(W24>=70, 3.00, IF(W24>=65, 2.50, IF(W24>=60, 2.00, IF(W24>=55, 1.50, IF(W24>=50, 1.00, 0.00))))))) | Y24: =IF(W24>=91,"A",IF(W24>=81,"B+",IF(W24>=70,"B",IF(W24>=65,"C+",IF(W24>=60,"C",IF(W24>=55,"D+",IF(W24>=50,"D","F"))))))) | Z24: 81.81 | AA24: =IF(Z24>=91, 4.00, IF(Z24>=81, 3.50, IF(Z24>=70, 3.00, IF(Z24>=65, 2.50, IF(Z24>=60, 2.00, IF(Z24>=55, 1.50, IF(Z24>=50, 1.00, 0.00))))))) | AB24: =IF(Z24>=91,"A",IF(Z24>=81,"B+",IF(Z24>=70,"B",IF(Z24>=65,"C+",IF(Z24>=60,"C",IF(Z24>=55,"D+",IF(Z24>=50,"D","F"))))))) | AC24: 85.75 | AD24: =IF(AC24>=91, 4.00, IF(AC24>=81, 3.50, IF(AC24>=70, 3.00, IF(AC24>=65, 2.50, IF(AC24>=60, 2.00, IF(AC24>=55, 1.50, IF(AC24>=50, 1.00, 0.00))))))) | AE24: =IF(AC24>=91,"A",IF(AC24>=81,"B+",IF(AC24>=70,"B",IF(AC24>=65,"C+",IF(AC24>=60,"C",IF(AC24>=55,"D+",IF(AC24>=50,"D","F"))))))) | AF24: 91 | AG24: =IF(AF24>=91, 4.00, IF(AF24>=81, 3.50, IF(AF24>=70, 3.00, IF(AF24>=65, 2.50, IF(AF24>=60, 2.00, IF(AF24>=55, 1.50, IF(AF24>=50, 1.00, 0.00))))))) | AH24: =IF(AF24>=91,"A",IF(AF24>=81,"B+",IF(AF24>=70,"B",IF(AF24>=65,"C+",IF(AF24>=60,"C",IF(AF24>=55,"D+",IF(AF24>=50,"D","F"))))))) | AI24: 98 | AJ24: =IF(AI24>=91, 4.00, IF(AI24>=81, 3.50, IF(AI24>=70, 3.00, IF(AI24>=65, 2.50, IF(AI24>=60, 2.00, IF(AI24>=55, 1.50, IF(AI24>=50, 1.00, 0.00))))))) | AK24: =IF(AI24>=91,"A",IF(AI24>=81,"B+",IF(AI24>=70,"B",IF(AI24>=65,"C+",IF(AI24>=60,"C",IF(AI24>=55,"D+",IF(AI24>=50,"D","F"))))))) | AL24: =ROUND((L24*3+O24*2+R24*1+U24*2+X24*1+AA24*2+AD24*2+AG24*2+AJ24*2)/17, 2) | AM24: 81 | AN24: =IF(AM24>=91, 4.00, IF(AM24>=81, 3.50, IF(AM24>=70, 3.00, IF(AM24>=65, 2.50, IF(AM24>=60, 2.00, IF(AM24>=55, 1.50, IF(AM24>=50, 1.00, 0.00))))))) | AO24: =IF(AM24>=91,"A",IF(AM24>=81,"B+",IF(AM24>=70,"B",IF(AM24>=65,"C+",IF(AM24>=60,"C",IF(AM24>=55,"D+",IF(AM24>=50,"D","F"))))))) | AP24: ນາງ | AQ24: =IF(AP24>=91, 4.00, IF(AP24>=81, 3.50, IF(AP24>=70, 3.00, IF(AP24>=65, 2.50, IF(AP24>=60, 2.00, IF(AP24>=55, 1.50, IF(AP24>=50, 1.00, 0.00))))))) | AR24: =IF(AP24>=91,"A",IF(AP24>=81,"B+",IF(AP24>=70,"B",IF(AP24>=65,"C+",IF(AP24>=60,"C",IF(AP24>=55,"D+",IF(AP24>=50,"D","F"))))))) | AS24: Ms.Laongkham | AT24: =IF(AS24>=91, 4.00, IF(AS24>=81, 3.50, IF(AS24>=70, 3.00, IF(AS24>=65, 2.50, IF(AS24>=60, 2.00, IF(AS24>=55, 1.50, IF(AS24>=50, 1.00, 0.00))))))) | AU24: =IF(AS24>=91,"A",IF(AS24>=81,"B+",IF(AS24>=70,"B",IF(AS24>=65,"C+",IF(AS24>=60,"C",IF(AS24>=55,"D+",IF(AS24>=50,"D","F"))))))) | AV24: ຊຽງຂວາງ | AW24: =IF(AV24>=91, 4.00, IF(AV24>=81, 3.50, IF(AV24>=70, 3.00, IF(AV24>=65, 2.50, IF(AV24>=60, 2.00, IF(AV24>=55, 1.50, IF(AV24>=50, 1.00, 0.00))))))) | AX24: =IF(AV24>=91,"A",IF(AV24>=81,"B+",IF(AV24>=70,"B",IF(AV24>=65,"C+",IF(AV24>=60,"C",IF(AV24>=55,"D+",IF(AV24>=50,"D","F"))))))) | AY24: =IF(AW24>90,"A",IF(AW24>80,"B+",IF(AW24>69,"B",IF(AW24>64,"C+",IF(AW24>59,"C",IF(AW24>54,"D+",IF(AW24>49,"D",IF(AW24>=0,"F")))))))) -> B | AZ24: =IF(AY24>=91, 4.00, IF(AY24>=81, 3.50, IF(AY24>=70, 3.00, IF(AY24>=65, 2.50, IF(AY24>=60, 2.00, IF(AY24>=55, 1.50, IF(AY24>=50, 1.00, 0.00))))))) | BA24: =IF(AY24>=91,"A",IF(AY24>=81,"B+",IF(AY24>=70,"B",IF(AY24>=65,"C+",IF(AY24>=60,"C",IF(AY24>=55,"D+",IF(AY24>=50,"D","F"))))))) | BB24: =IF(AZ24>90,"A",IF(AZ24>80,"B+",IF(AZ24>69,"B",IF(AZ24>64,"C+",IF(AZ24>59,"C",IF(AZ24>54,"D+",IF(AZ24>49,"D",IF(AZ24>=0,"F")))))))) -> B | BC24: =IF(BB24>=91, 4.00, IF(BB24>=81, 3.50, IF(BB24>=70, 3.00, IF(BB24>=65, 2.50, IF(BB24>=60, 2.00, IF(BB24>=55, 1.50, IF(BB24>=50, 1.00, 0.00))))))) | BD24: =IF(BB24>=91,"A",IF(BB24>=81,"B+",IF(BB24>=70,"B",IF(BB24>=65,"C+",IF(BB24>=60,"C",IF(BB24>=55,"D+",IF(BB24>=50,"D","F"))))))) | BE24: =IF(BC24>90,"A",IF(BC24>80,"B+",IF(BC24>69,"B",IF(BC24>64,"C+",IF(BC24>59,"C",IF(BC24>54,"D+",IF(BC24>49,"D",IF(BC24>=0,"F")))))))) -> B | BF24: =IF(BE24>=91, 4.00, IF(BE24>=81, 3.50, IF(BE24>=70, 3.00, IF(BE24>=65, 2.50, IF(BE24>=60, 2.00, IF(BE24>=55, 1.50, IF(BE24>=50, 1.00, 0.00))))))) | BG24: =IF(BE24>=91,"A",IF(BE24>=81,"B+",IF(BE24>=70,"B",IF(BE24>=65,"C+",IF(BE24>=60,"C",IF(BE24>=55,"D+",IF(BE24>=50,"D","F"))))))) | BH24: =IF(BF24>90,"A",IF(BF24>80,"B+",IF(BF24>69,"B",IF(BF24>64,"C+",IF(BF24>59,"C",IF(BF24>54,"D+",IF(BF24>49,"D",IF(BF24>=0,"F")))))))) -> B | BI24: =IF(BH24>=91, 4.00, IF(BH24>=81, 3.50, IF(BH24>=70, 3.00, IF(BH24>=65, 2.50, IF(BH24>=60, 2.00, IF(BH24>=55, 1.50, IF(BH24>=50, 1.00, 0.00))))))) | BJ24: =IF(BH24>=91,"A",IF(BH24>=81,"B+",IF(BH24>=70,"B",IF(BH24>=65,"C+",IF(BH24>=60,"C",IF(BH24>=55,"D+",IF(BH24>=50,"D","F"))))))) | BK24: =IF(BI24>90,"A",IF(BI24>80,"B+",IF(BI24>69,"B",IF(BI24>64,"C+",IF(BI24>59,"C",IF(BI24>54,"D+",IF(BI24>49,"D",IF(BI24>=0,"F")))))))) -> A | BL24: =IF(BK24>=91, 4.00, IF(BK24>=81, 3.50, IF(BK24>=70, 3.00, IF(BK24>=65, 2.50, IF(BK24>=60, 2.00, IF(BK24>=55, 1.50, IF(BK24>=50, 1.00, 0.00))))))) | BM24: =IF(BK24>=91,"A",IF(BK24>=81,"B+",IF(BK24>=70,"B",IF(BK24>=65,"C+",IF(BK24>=60,"C",IF(BK24>=55,"D+",IF(BK24>=50,"D","F"))))))) | BN24: =IF(BL24>90,"A",IF(BL24>80,"B+",IF(BL24>69,"B",IF(BL24>64,"C+",IF(BL24>59,"C",IF(BL24>54,"D+",IF(BL24>49,"D",IF(BL24>=0,"F")))))))) -> B+ | BO24: =IF(BN24>=91, 4.00, IF(BN24>=81, 3.50, IF(BN24>=70, 3.00, IF(BN24>=65, 2.50, IF(BN24>=60, 2.00, IF(BN24>=55, 1.50, IF(BN24>=50, 1.00, 0.00))))))) | BP24: =IF(BN24>=91,"A",IF(BN24>=81,"B+",IF(BN24>=70,"B",IF(BN24>=65,"C+",IF(BN24>=60,"C",IF(BN24>=55,"D+",IF(BN24>=50,"D","F"))))))) | BQ24: =ROUND((AN24*3+AQ24*2+AT24*1+AW24*2+AZ24*1+BC24*1+BF24*2+BI24*2+BL24*2+BO24*3)/19, 2) | BR24: 73 | BS24: =IF(BR24>90,"4.00",IF(BR24>80,"3.50",IF(BR24>69,"3.00",IF(BR24>64,"2.50",IF(BR24>59,"2.00",IF(BR24>54,"1.50",IF(BR24>49,"1.00","0.00"))))))) -> 3.00 | BT24: =IF(BR24>90,"A",IF(BR24>80,"B+",IF(BR24>69,"B",IF(BR24>64,"C+",IF(BR24>59,"C",IF(BR24>54,"D+",IF(BR24>49,"D",IF(BR24>=0,"F")))))))) -> B | BU24: 71 | BV24: =IF(BU24>90,"4.00",IF(BU24>80,"3.50",IF(BU24>69,"3.00",IF(BU24>64,"2.50",IF(BU24>59,"2.00",IF(BU24>54,"1.50",IF(BU24>49,"1.00","0.00"))))))) -> 3.00 | BW24: =IF(BU24>90,"A",IF(BU24>80,"B+",IF(BU24>69,"B",IF(BU24>64,"C+",IF(BU24>59,"C",IF(BU24>54,"D+",IF(BU24>49,"D",IF(BU24>=0,"F")))))))) -> B | BX24: =(AX24*3+BA24*2+BD24*1+BG24*2+BJ24*1+BM24*1+BP24*2+BS24*2+BV24*2)/(3+2+1+2+1+1+2+2+2) -> 3.09375 | BY24: =(AL24+BX24)/2 -> 3.0762868 | BZ24: =RANK(BY24,$BY$7:BY56) -> 11
A25: 19 | B25: 125N0632/23 | C25: ນາງ | D25: ທິບພາວັນ | E25: ດວງບຸດດີ | F25: Ms.Thippavanh | G25: DOUANGBOUDDY | H25: 16/11/2005 | I25: ນະຄອນຫຼວງວຽງຈັນ | J25: 1 | K25: 81 | L25: =IF(K25>=91, 4.00, IF(K25>=81, 3.50, IF(K25>=70, 3.00, IF(K25>=65, 2.50, IF(K25>=60, 2.00, IF(K25>=55, 1.50, IF(K25>=50, 1.00, 0.00))))))) | M25: =IF(K25>=91,"A",IF(K25>=81,"B+",IF(K25>=70,"B",IF(K25>=65,"C+",IF(K25>=60,"C",IF(K25>=55,"D+",IF(K25>=50,"D","F"))))))) | N25: 97 | O25: =IF(N25>=91, 4.00, IF(N25>=81, 3.50, IF(N25>=70, 3.00, IF(N25>=65, 2.50, IF(N25>=60, 2.00, IF(N25>=55, 1.50, IF(N25>=50, 1.00, 0.00))))))) | P25: =IF(N25>=91,"A",IF(N25>=81,"B+",IF(N25>=70,"B",IF(N25>=65,"C+",IF(N25>=60,"C",IF(N25>=55,"D+",IF(N25>=50,"D","F"))))))) | Q25: 96 | R25: =IF(Q25>=91, 4.00, IF(Q25>=81, 3.50, IF(Q25>=70, 3.00, IF(Q25>=65, 2.50, IF(Q25>=60, 2.00, IF(Q25>=55, 1.50, IF(Q25>=50, 1.00, 0.00))))))) | S25: =IF(Q25>=91,"A",IF(Q25>=81,"B+",IF(Q25>=70,"B",IF(Q25>=65,"C+",IF(Q25>=60,"C",IF(Q25>=55,"D+",IF(Q25>=50,"D","F"))))))) | T25: 71 | U25: =IF(T25>=91, 4.00, IF(T25>=81, 3.50, IF(T25>=70, 3.00, IF(T25>=65, 2.50, IF(T25>=60, 2.00, IF(T25>=55, 1.50, IF(T25>=50, 1.00, 0.00))))))) | V25: =IF(T25>=91,"A",IF(T25>=81,"B+",IF(T25>=70,"B",IF(T25>=65,"C+",IF(T25>=60,"C",IF(T25>=55,"D+",IF(T25>=50,"D","F"))))))) | W25: 71 | X25: =IF(W25>=91, 4.00, IF(W25>=81, 3.50, IF(W25>=70, 3.00, IF(W25>=65, 2.50, IF(W25>=60, 2.00, IF(W25>=55, 1.50, IF(W25>=50, 1.00, 0.00))))))) | Y25: =IF(W25>=91,"A",IF(W25>=81,"B+",IF(W25>=70,"B",IF(W25>=65,"C+",IF(W25>=60,"C",IF(W25>=55,"D+",IF(W25>=50,"D","F"))))))) | Z25: 86.64 | AA25: =IF(Z25>=91, 4.00, IF(Z25>=81, 3.50, IF(Z25>=70, 3.00, IF(Z25>=65, 2.50, IF(Z25>=60, 2.00, IF(Z25>=55, 1.50, IF(Z25>=50, 1.00, 0.00))))))) | AB25: =IF(Z25>=91,"A",IF(Z25>=81,"B+",IF(Z25>=70,"B",IF(Z25>=65,"C+",IF(Z25>=60,"C",IF(Z25>=55,"D+",IF(Z25>=50,"D","F"))))))) | AC25: 80 | AD25: =IF(AC25>=91, 4.00, IF(AC25>=81, 3.50, IF(AC25>=70, 3.00, IF(AC25>=65, 2.50, IF(AC25>=60, 2.00, IF(AC25>=55, 1.50, IF(AC25>=50, 1.00, 0.00))))))) | AE25: =IF(AC25>=91,"A",IF(AC25>=81,"B+",IF(AC25>=70,"B",IF(AC25>=65,"C+",IF(AC25>=60,"C",IF(AC25>=55,"D+",IF(AC25>=50,"D","F"))))))) | AF25: 85 | AG25: =IF(AF25>=91, 4.00, IF(AF25>=81, 3.50, IF(AF25>=70, 3.00, IF(AF25>=65, 2.50, IF(AF25>=60, 2.00, IF(AF25>=55, 1.50, IF(AF25>=50, 1.00, 0.00))))))) | AH25: =IF(AF25>=91,"A",IF(AF25>=81,"B+",IF(AF25>=70,"B",IF(AF25>=65,"C+",IF(AF25>=60,"C",IF(AF25>=55,"D+",IF(AF25>=50,"D","F"))))))) | AI25: 99 | AJ25: =IF(AI25>=91, 4.00, IF(AI25>=81, 3.50, IF(AI25>=70, 3.00, IF(AI25>=65, 2.50, IF(AI25>=60, 2.00, IF(AI25>=55, 1.50, IF(AI25>=50, 1.00, 0.00))))))) | AK25: =IF(AI25>=91,"A",IF(AI25>=81,"B+",IF(AI25>=70,"B",IF(AI25>=65,"C+",IF(AI25>=60,"C",IF(AI25>=55,"D+",IF(AI25>=50,"D","F"))))))) | AL25: =ROUND((L25*3+O25*2+R25*1+U25*2+X25*1+AA25*2+AD25*2+AG25*2+AJ25*2)/17, 2) | AM25: 84 | AN25: =IF(AM25>=91, 4.00, IF(AM25>=81, 3.50, IF(AM25>=70, 3.00, IF(AM25>=65, 2.50, IF(AM25>=60, 2.00, IF(AM25>=55, 1.50, IF(AM25>=50, 1.00, 0.00))))))) | AO25: =IF(AM25>=91,"A",IF(AM25>=81,"B+",IF(AM25>=70,"B",IF(AM25>=65,"C+",IF(AM25>=60,"C",IF(AM25>=55,"D+",IF(AM25>=50,"D","F"))))))) | AP25: ນາງ | AQ25: =IF(AP25>=91, 4.00, IF(AP25>=81, 3.50, IF(AP25>=70, 3.00, IF(AP25>=65, 2.50, IF(AP25>=60, 2.00, IF(AP25>=55, 1.50, IF(AP25>=50, 1.00, 0.00))))))) | AR25: =IF(AP25>=91,"A",IF(AP25>=81,"B+",IF(AP25>=70,"B",IF(AP25>=65,"C+",IF(AP25>=60,"C",IF(AP25>=55,"D+",IF(AP25>=50,"D","F"))))))) | AS25: Ms.Thippavanh | AT25: =IF(AS25>=91, 4.00, IF(AS25>=81, 3.50, IF(AS25>=70, 3.00, IF(AS25>=65, 2.50, IF(AS25>=60, 2.00, IF(AS25>=55, 1.50, IF(AS25>=50, 1.00, 0.00))))))) | AU25: =IF(AS25>=91,"A",IF(AS25>=81,"B+",IF(AS25>=70,"B",IF(AS25>=65,"C+",IF(AS25>=60,"C",IF(AS25>=55,"D+",IF(AS25>=50,"D","F"))))))) | AV25: ນະຄອນຫຼວງວຽງຈັນ | AW25: =IF(AV25>=91, 4.00, IF(AV25>=81, 3.50, IF(AV25>=70, 3.00, IF(AV25>=65, 2.50, IF(AV25>=60, 2.00, IF(AV25>=55, 1.50, IF(AV25>=50, 1.00, 0.00))))))) | AX25: =IF(AV25>=91,"A",IF(AV25>=81,"B+",IF(AV25>=70,"B",IF(AV25>=65,"C+",IF(AV25>=60,"C",IF(AV25>=55,"D+",IF(AV25>=50,"D","F"))))))) | AY25: =IF(AW25>90,"A",IF(AW25>80,"B+",IF(AW25>69,"B",IF(AW25>64,"C+",IF(AW25>59,"C",IF(AW25>54,"D+",IF(AW25>49,"D",IF(AW25>=0,"F")))))))) -> B+ | AZ25: =IF(AY25>=91, 4.00, IF(AY25>=81, 3.50, IF(AY25>=70, 3.00, IF(AY25>=65, 2.50, IF(AY25>=60, 2.00, IF(AY25>=55, 1.50, IF(AY25>=50, 1.00, 0.00))))))) | BA25: =IF(AY25>=91,"A",IF(AY25>=81,"B+",IF(AY25>=70,"B",IF(AY25>=65,"C+",IF(AY25>=60,"C",IF(AY25>=55,"D+",IF(AY25>=50,"D","F"))))))) | BB25: =IF(AZ25>90,"A",IF(AZ25>80,"B+",IF(AZ25>69,"B",IF(AZ25>64,"C+",IF(AZ25>59,"C",IF(AZ25>54,"D+",IF(AZ25>49,"D",IF(AZ25>=0,"F")))))))) -> A | BC25: =IF(BB25>=91, 4.00, IF(BB25>=81, 3.50, IF(BB25>=70, 3.00, IF(BB25>=65, 2.50, IF(BB25>=60, 2.00, IF(BB25>=55, 1.50, IF(BB25>=50, 1.00, 0.00))))))) | BD25: =IF(BB25>=91,"A",IF(BB25>=81,"B+",IF(BB25>=70,"B",IF(BB25>=65,"C+",IF(BB25>=60,"C",IF(BB25>=55,"D+",IF(BB25>=50,"D","F"))))))) | BE25: =IF(BC25>90,"A",IF(BC25>80,"B+",IF(BC25>69,"B",IF(BC25>64,"C+",IF(BC25>59,"C",IF(BC25>54,"D+",IF(BC25>49,"D",IF(BC25>=0,"F")))))))) -> B+ | BF25: =IF(BE25>=91, 4.00, IF(BE25>=81, 3.50, IF(BE25>=70, 3.00, IF(BE25>=65, 2.50, IF(BE25>=60, 2.00, IF(BE25>=55, 1.50, IF(BE25>=50, 1.00, 0.00))))))) | BG25: =IF(BE25>=91,"A",IF(BE25>=81,"B+",IF(BE25>=70,"B",IF(BE25>=65,"C+",IF(BE25>=60,"C",IF(BE25>=55,"D+",IF(BE25>=50,"D","F"))))))) | BH25: =IF(BF25>90,"A",IF(BF25>80,"B+",IF(BF25>69,"B",IF(BF25>64,"C+",IF(BF25>59,"C",IF(BF25>54,"D+",IF(BF25>49,"D",IF(BF25>=0,"F")))))))) -> B+ | BI25: =IF(BH25>=91, 4.00, IF(BH25>=81, 3.50, IF(BH25>=70, 3.00, IF(BH25>=65, 2.50, IF(BH25>=60, 2.00, IF(BH25>=55, 1.50, IF(BH25>=50, 1.00, 0.00))))))) | BJ25: =IF(BH25>=91,"A",IF(BH25>=81,"B+",IF(BH25>=70,"B",IF(BH25>=65,"C+",IF(BH25>=60,"C",IF(BH25>=55,"D+",IF(BH25>=50,"D","F"))))))) | BK25: =IF(BI25>90,"A",IF(BI25>80,"B+",IF(BI25>69,"B",IF(BI25>64,"C+",IF(BI25>59,"C",IF(BI25>54,"D+",IF(BI25>49,"D",IF(BI25>=0,"F")))))))) -> A | BL25: =IF(BK25>=91, 4.00, IF(BK25>=81, 3.50, IF(BK25>=70, 3.00, IF(BK25>=65, 2.50, IF(BK25>=60, 2.00, IF(BK25>=55, 1.50, IF(BK25>=50, 1.00, 0.00))))))) | BM25: =IF(BK25>=91,"A",IF(BK25>=81,"B+",IF(BK25>=70,"B",IF(BK25>=65,"C+",IF(BK25>=60,"C",IF(BK25>=55,"D+",IF(BK25>=50,"D","F"))))))) | BN25: =IF(BL25>90,"A",IF(BL25>80,"B+",IF(BL25>69,"B",IF(BL25>64,"C+",IF(BL25>59,"C",IF(BL25>54,"D+",IF(BL25>49,"D",IF(BL25>=0,"F")))))))) -> B+ | BO25: =IF(BN25>=91, 4.00, IF(BN25>=81, 3.50, IF(BN25>=70, 3.00, IF(BN25>=65, 2.50, IF(BN25>=60, 2.00, IF(BN25>=55, 1.50, IF(BN25>=50, 1.00, 0.00))))))) | BP25: =IF(BN25>=91,"A",IF(BN25>=81,"B+",IF(BN25>=70,"B",IF(BN25>=65,"C+",IF(BN25>=60,"C",IF(BN25>=55,"D+",IF(BN25>=50,"D","F"))))))) | BQ25: =ROUND((AN25*3+AQ25*2+AT25*1+AW25*2+AZ25*1+BC25*1+BF25*2+BI25*2+BL25*2+BO25*3)/19, 2) | BR25: 89 | BS25: =IF(BR25>90,"4.00",IF(BR25>80,"3.50",IF(BR25>69,"3.00",IF(BR25>64,"2.50",IF(BR25>59,"2.00",IF(BR25>54,"1.50",IF(BR25>49,"1.00","0.00"))))))) -> 3.50 | BT25: =IF(BR25>90,"A",IF(BR25>80,"B+",IF(BR25>69,"B",IF(BR25>64,"C+",IF(BR25>59,"C",IF(BR25>54,"D+",IF(BR25>49,"D",IF(BR25>=0,"F")))))))) -> B+ | BU25: 74 | BV25: =IF(BU25>90,"4.00",IF(BU25>80,"3.50",IF(BU25>69,"3.00",IF(BU25>64,"2.50",IF(BU25>59,"2.00",IF(BU25>54,"1.50",IF(BU25>49,"1.00","0.00"))))))) -> 3.00 | BW25: =IF(BU25>90,"A",IF(BU25>80,"B+",IF(BU25>69,"B",IF(BU25>64,"C+",IF(BU25>59,"C",IF(BU25>54,"D+",IF(BU25>49,"D",IF(BU25>=0,"F")))))))) -> B | BX25: =(AX25*3+BA25*2+BD25*1+BG25*2+BJ25*1+BM25*1+BP25*2+BS25*2+BV25*2)/(3+2+1+2+1+1+2+2+2) -> 3.46875 | BY25: =(AL25+BX25)/2 -> 3.3814338 | BZ25: =RANK(BY25,$BY$7:BY57) -> 5
A26: 20 | B26: 125N0634/23 | C26: ທ້າວ | D26: ທັນທະວຸດ | E26: ເພັດທານີ | F26: Mr.Thanthawut | G26: PHETTHANY | H26: 27/12/2005 | I26: ນະຄອນຫຼວງວຽງຈັນ | J26: 1 | K26: 82 | L26: =IF(K26>=91, 4.00, IF(K26>=81, 3.50, IF(K26>=70, 3.00, IF(K26>=65, 2.50, IF(K26>=60, 2.00, IF(K26>=55, 1.50, IF(K26>=50, 1.00, 0.00))))))) | M26: =IF(K26>=91,"A",IF(K26>=81,"B+",IF(K26>=70,"B",IF(K26>=65,"C+",IF(K26>=60,"C",IF(K26>=55,"D+",IF(K26>=50,"D","F"))))))) | N26: 97 | O26: =IF(N26>=91, 4.00, IF(N26>=81, 3.50, IF(N26>=70, 3.00, IF(N26>=65, 2.50, IF(N26>=60, 2.00, IF(N26>=55, 1.50, IF(N26>=50, 1.00, 0.00))))))) | P26: =IF(N26>=91,"A",IF(N26>=81,"B+",IF(N26>=70,"B",IF(N26>=65,"C+",IF(N26>=60,"C",IF(N26>=55,"D+",IF(N26>=50,"D","F"))))))) | Q26: 90 | R26: =IF(Q26>=91, 4.00, IF(Q26>=81, 3.50, IF(Q26>=70, 3.00, IF(Q26>=65, 2.50, IF(Q26>=60, 2.00, IF(Q26>=55, 1.50, IF(Q26>=50, 1.00, 0.00))))))) | S26: =IF(Q26>=91,"A",IF(Q26>=81,"B+",IF(Q26>=70,"B",IF(Q26>=65,"C+",IF(Q26>=60,"C",IF(Q26>=55,"D+",IF(Q26>=50,"D","F"))))))) | T26: 75 | U26: =IF(T26>=91, 4.00, IF(T26>=81, 3.50, IF(T26>=70, 3.00, IF(T26>=65, 2.50, IF(T26>=60, 2.00, IF(T26>=55, 1.50, IF(T26>=50, 1.00, 0.00))))))) | V26: =IF(T26>=91,"A",IF(T26>=81,"B+",IF(T26>=70,"B",IF(T26>=65,"C+",IF(T26>=60,"C",IF(T26>=55,"D+",IF(T26>=50,"D","F"))))))) | W26: 72 | X26: =IF(W26>=91, 4.00, IF(W26>=81, 3.50, IF(W26>=70, 3.00, IF(W26>=65, 2.50, IF(W26>=60, 2.00, IF(W26>=55, 1.50, IF(W26>=50, 1.00, 0.00))))))) | Y26: =IF(W26>=91,"A",IF(W26>=81,"B+",IF(W26>=70,"B",IF(W26>=65,"C+",IF(W26>=60,"C",IF(W26>=55,"D+",IF(W26>=50,"D","F"))))))) | Z26: 89.22 | AA26: =IF(Z26>=91, 4.00, IF(Z26>=81, 3.50, IF(Z26>=70, 3.00, IF(Z26>=65, 2.50, IF(Z26>=60, 2.00, IF(Z26>=55, 1.50, IF(Z26>=50, 1.00, 0.00))))))) | AB26: =IF(Z26>=91,"A",IF(Z26>=81,"B+",IF(Z26>=70,"B",IF(Z26>=65,"C+",IF(Z26>=60,"C",IF(Z26>=55,"D+",IF(Z26>=50,"D","F"))))))) | AC26: 88 | AD26: =IF(AC26>=91, 4.00, IF(AC26>=81, 3.50, IF(AC26>=70, 3.00, IF(AC26>=65, 2.50, IF(AC26>=60, 2.00, IF(AC26>=55, 1.50, IF(AC26>=50, 1.00, 0.00))))))) | AE26: =IF(AC26>=91,"A",IF(AC26>=81,"B+",IF(AC26>=70,"B",IF(AC26>=65,"C+",IF(AC26>=60,"C",IF(AC26>=55,"D+",IF(AC26>=50,"D","F"))))))) | AF26: 73 | AG26: =IF(AF26>=91, 4.00, IF(AF26>=81, 3.50, IF(AF26>=70, 3.00, IF(AF26>=65, 2.50, IF(AF26>=60, 2.00, IF(AF26>=55, 1.50, IF(AF26>=50, 1.00, 0.00))))))) | AH26: =IF(AF26>=91,"A",IF(AF26>=81,"B+",IF(AF26>=70,"B",IF(AF26>=65,"C+",IF(AF26>=60,"C",IF(AF26>=55,"D+",IF(AF26>=50,"D","F"))))))) | AI26: 100 | AJ26: =IF(AI26>=91, 4.00, IF(AI26>=81, 3.50, IF(AI26>=70, 3.00, IF(AI26>=65, 2.50, IF(AI26>=60, 2.00, IF(AI26>=55, 1.50, IF(AI26>=50, 1.00, 0.00))))))) | AK26: =IF(AI26>=91,"A",IF(AI26>=81,"B+",IF(AI26>=70,"B",IF(AI26>=65,"C+",IF(AI26>=60,"C",IF(AI26>=55,"D+",IF(AI26>=50,"D","F"))))))) | AL26: =ROUND((L26*3+O26*2+R26*1+U26*2+X26*1+AA26*2+AD26*2+AG26*2+AJ26*2)/17, 2) | AM26: 87 | AN26: =IF(AM26>=91, 4.00, IF(AM26>=81, 3.50, IF(AM26>=70, 3.00, IF(AM26>=65, 2.50, IF(AM26>=60, 2.00, IF(AM26>=55, 1.50, IF(AM26>=50, 1.00, 0.00))))))) | AO26: =IF(AM26>=91,"A",IF(AM26>=81,"B+",IF(AM26>=70,"B",IF(AM26>=65,"C+",IF(AM26>=60,"C",IF(AM26>=55,"D+",IF(AM26>=50,"D","F"))))))) | AP26: ທ້າວ | AQ26: =IF(AP26>=91, 4.00, IF(AP26>=81, 3.50, IF(AP26>=70, 3.00, IF(AP26>=65, 2.50, IF(AP26>=60, 2.00, IF(AP26>=55, 1.50, IF(AP26>=50, 1.00, 0.00))))))) | AR26: =IF(AP26>=91,"A",IF(AP26>=81,"B+",IF(AP26>=70,"B",IF(AP26>=65,"C+",IF(AP26>=60,"C",IF(AP26>=55,"D+",IF(AP26>=50,"D","F"))))))) | AS26: Mr.Thanthawut | AT26: =IF(AS26>=91, 4.00, IF(AS26>=81, 3.50, IF(AS26>=70, 3.00, IF(AS26>=65, 2.50, IF(AS26>=60, 2.00, IF(AS26>=55, 1.50, IF(AS26>=50, 1.00, 0.00))))))) | AU26: =IF(AS26>=91,"A",IF(AS26>=81,"B+",IF(AS26>=70,"B",IF(AS26>=65,"C+",IF(AS26>=60,"C",IF(AS26>=55,"D+",IF(AS26>=50,"D","F"))))))) | AV26: ນະຄອນຫຼວງວຽງຈັນ | AW26: =IF(AV26>=91, 4.00, IF(AV26>=81, 3.50, IF(AV26>=70, 3.00, IF(AV26>=65, 2.50, IF(AV26>=60, 2.00, IF(AV26>=55, 1.50, IF(AV26>=50, 1.00, 0.00))))))) | AX26: =IF(AV26>=91,"A",IF(AV26>=81,"B+",IF(AV26>=70,"B",IF(AV26>=65,"C+",IF(AV26>=60,"C",IF(AV26>=55,"D+",IF(AV26>=50,"D","F"))))))) | AY26: =IF(AW26>90,"A",IF(AW26>80,"B+",IF(AW26>69,"B",IF(AW26>64,"C+",IF(AW26>59,"C",IF(AW26>54,"D+",IF(AW26>49,"D",IF(AW26>=0,"F")))))))) -> B+ | AZ26: =IF(AY26>=91, 4.00, IF(AY26>=81, 3.50, IF(AY26>=70, 3.00, IF(AY26>=65, 2.50, IF(AY26>=60, 2.00, IF(AY26>=55, 1.50, IF(AY26>=50, 1.00, 0.00))))))) | BA26: =IF(AY26>=91,"A",IF(AY26>=81,"B+",IF(AY26>=70,"B",IF(AY26>=65,"C+",IF(AY26>=60,"C",IF(AY26>=55,"D+",IF(AY26>=50,"D","F"))))))) | BB26: =IF(AZ26>90,"A",IF(AZ26>80,"B+",IF(AZ26>69,"B",IF(AZ26>64,"C+",IF(AZ26>59,"C",IF(AZ26>54,"D+",IF(AZ26>49,"D",IF(AZ26>=0,"F")))))))) -> A | BC26: =IF(BB26>=91, 4.00, IF(BB26>=81, 3.50, IF(BB26>=70, 3.00, IF(BB26>=65, 2.50, IF(BB26>=60, 2.00, IF(BB26>=55, 1.50, IF(BB26>=50, 1.00, 0.00))))))) | BD26: =IF(BB26>=91,"A",IF(BB26>=81,"B+",IF(BB26>=70,"B",IF(BB26>=65,"C+",IF(BB26>=60,"C",IF(BB26>=55,"D+",IF(BB26>=50,"D","F"))))))) | BE26: =IF(BC26>90,"A",IF(BC26>80,"B+",IF(BC26>69,"B",IF(BC26>64,"C+",IF(BC26>59,"C",IF(BC26>54,"D+",IF(BC26>49,"D",IF(BC26>=0,"F")))))))) -> B+ | BF26: =IF(BE26>=91, 4.00, IF(BE26>=81, 3.50, IF(BE26>=70, 3.00, IF(BE26>=65, 2.50, IF(BE26>=60, 2.00, IF(BE26>=55, 1.50, IF(BE26>=50, 1.00, 0.00))))))) | BG26: =IF(BE26>=91,"A",IF(BE26>=81,"B+",IF(BE26>=70,"B",IF(BE26>=65,"C+",IF(BE26>=60,"C",IF(BE26>=55,"D+",IF(BE26>=50,"D","F"))))))) | BH26: =IF(BF26>90,"A",IF(BF26>80,"B+",IF(BF26>69,"B",IF(BF26>64,"C+",IF(BF26>59,"C",IF(BF26>54,"D+",IF(BF26>49,"D",IF(BF26>=0,"F")))))))) -> B+ | BI26: =IF(BH26>=91, 4.00, IF(BH26>=81, 3.50, IF(BH26>=70, 3.00, IF(BH26>=65, 2.50, IF(BH26>=60, 2.00, IF(BH26>=55, 1.50, IF(BH26>=50, 1.00, 0.00))))))) | BJ26: =IF(BH26>=91,"A",IF(BH26>=81,"B+",IF(BH26>=70,"B",IF(BH26>=65,"C+",IF(BH26>=60,"C",IF(BH26>=55,"D+",IF(BH26>=50,"D","F"))))))) | BK26: =IF(BI26>90,"A",IF(BI26>80,"B+",IF(BI26>69,"B",IF(BI26>64,"C+",IF(BI26>59,"C",IF(BI26>54,"D+",IF(BI26>49,"D",IF(BI26>=0,"F")))))))) -> A | BL26: =IF(BK26>=91, 4.00, IF(BK26>=81, 3.50, IF(BK26>=70, 3.00, IF(BK26>=65, 2.50, IF(BK26>=60, 2.00, IF(BK26>=55, 1.50, IF(BK26>=50, 1.00, 0.00))))))) | BM26: =IF(BK26>=91,"A",IF(BK26>=81,"B+",IF(BK26>=70,"B",IF(BK26>=65,"C+",IF(BK26>=60,"C",IF(BK26>=55,"D+",IF(BK26>=50,"D","F"))))))) | BN26: =IF(BL26>90,"A",IF(BL26>80,"B+",IF(BL26>69,"B",IF(BL26>64,"C+",IF(BL26>59,"C",IF(BL26>54,"D+",IF(BL26>49,"D",IF(BL26>=0,"F")))))))) -> B+ | BO26: =IF(BN26>=91, 4.00, IF(BN26>=81, 3.50, IF(BN26>=70, 3.00, IF(BN26>=65, 2.50, IF(BN26>=60, 2.00, IF(BN26>=55, 1.50, IF(BN26>=50, 1.00, 0.00))))))) | BP26: =IF(BN26>=91,"A",IF(BN26>=81,"B+",IF(BN26>=70,"B",IF(BN26>=65,"C+",IF(BN26>=60,"C",IF(BN26>=55,"D+",IF(BN26>=50,"D","F"))))))) | BQ26: =ROUND((AN26*3+AQ26*2+AT26*1+AW26*2+AZ26*1+BC26*1+BF26*2+BI26*2+BL26*2+BO26*3)/19, 2) | BR26: 79 | BS26: =IF(BR26>90,"4.00",IF(BR26>80,"3.50",IF(BR26>69,"3.00",IF(BR26>64,"2.50",IF(BR26>59,"2.00",IF(BR26>54,"1.50",IF(BR26>49,"1.00","0.00"))))))) -> 3.00 | BT26: =IF(BR26>90,"A",IF(BR26>80,"B+",IF(BR26>69,"B",IF(BR26>64,"C+",IF(BR26>59,"C",IF(BR26>54,"D+",IF(BR26>49,"D",IF(BR26>=0,"F")))))))) -> B | BU26: 70 | BV26: =IF(BU26>90,"4.00",IF(BU26>80,"3.50",IF(BU26>69,"3.00",IF(BU26>64,"2.50",IF(BU26>59,"2.00",IF(BU26>54,"1.50",IF(BU26>49,"1.00","0.00"))))))) -> 3.00 | BW26: =IF(BU26>90,"A",IF(BU26>80,"B+",IF(BU26>69,"B",IF(BU26>64,"C+",IF(BU26>59,"C",IF(BU26>54,"D+",IF(BU26>49,"D",IF(BU26>=0,"F")))))))) -> B | BX26: =(AX26*3+BA26*2+BD26*1+BG26*2+BJ26*1+BM26*1+BP26*2+BS26*2+BV26*2)/(3+2+1+2+1+1+2+2+2) -> 3.40625 | BY26: =(AL26+BX26)/2 -> 3.3354779 | BZ26: =RANK(BY26,$BY$7:BY59) -> 6
A27: 21 | B27: 125N0635/23 | C27: ນາງ | D27: ພິມມະສອນ | E27: ວໍລະຂຸນ | F27: Ms.Phimmasone | G27: VORLAKHOUN | H27: 38631 | I27: ນະຄອນຫຼວງວຽງຈັນ | J27: 1 | K27: 57 | L27: =IF(K27>=91, 4.00, IF(K27>=81, 3.50, IF(K27>=70, 3.00, IF(K27>=65, 2.50, IF(K27>=60, 2.00, IF(K27>=55, 1.50, IF(K27>=50, 1.00, 0.00))))))) | M27: =IF(K27>=91,"A",IF(K27>=81,"B+",IF(K27>=70,"B",IF(K27>=65,"C+",IF(K27>=60,"C",IF(K27>=55,"D+",IF(K27>=50,"D","F"))))))) | N27: 91 | O27: =IF(N27>=91, 4.00, IF(N27>=81, 3.50, IF(N27>=70, 3.00, IF(N27>=65, 2.50, IF(N27>=60, 2.00, IF(N27>=55, 1.50, IF(N27>=50, 1.00, 0.00))))))) | P27: =IF(N27>=91,"A",IF(N27>=81,"B+",IF(N27>=70,"B",IF(N27>=65,"C+",IF(N27>=60,"C",IF(N27>=55,"D+",IF(N27>=50,"D","F"))))))) | Q27: 85 | R27: =IF(Q27>=91, 4.00, IF(Q27>=81, 3.50, IF(Q27>=70, 3.00, IF(Q27>=65, 2.50, IF(Q27>=60, 2.00, IF(Q27>=55, 1.50, IF(Q27>=50, 1.00, 0.00))))))) | S27: =IF(Q27>=91,"A",IF(Q27>=81,"B+",IF(Q27>=70,"B",IF(Q27>=65,"C+",IF(Q27>=60,"C",IF(Q27>=55,"D+",IF(Q27>=50,"D","F"))))))) | T27: 56 | U27: =IF(T27>=91, 4.00, IF(T27>=81, 3.50, IF(T27>=70, 3.00, IF(T27>=65, 2.50, IF(T27>=60, 2.00, IF(T27>=55, 1.50, IF(T27>=50, 1.00, 0.00))))))) | V27: =IF(T27>=91,"A",IF(T27>=81,"B+",IF(T27>=70,"B",IF(T27>=65,"C+",IF(T27>=60,"C",IF(T27>=55,"D+",IF(T27>=50,"D","F"))))))) | W27: 47 | X27: =IF(W27>=91, 4.00, IF(W27>=81, 3.50, IF(W27>=70, 3.00, IF(W27>=65, 2.50, IF(W27>=60, 2.00, IF(W27>=55, 1.50, IF(W27>=50, 1.00, 0.00))))))) | Y27: =IF(W27>=91,"A",IF(W27>=81,"B+",IF(W27>=70,"B",IF(W27>=65,"C+",IF(W27>=60,"C",IF(W27>=55,"D+",IF(W27>=50,"D","F"))))))) | Z27: 85.05 | AA27: =IF(Z27>=91, 4.00, IF(Z27>=81, 3.50, IF(Z27>=70, 3.00, IF(Z27>=65, 2.50, IF(Z27>=60, 2.00, IF(Z27>=55, 1.50, IF(Z27>=50, 1.00, 0.00))))))) | AB27: =IF(Z27>=91,"A",IF(Z27>=81,"B+",IF(Z27>=70,"B",IF(Z27>=65,"C+",IF(Z27>=60,"C",IF(Z27>=55,"D+",IF(Z27>=50,"D","F"))))))) | AC27: 77.5 | AD27: =IF(AC27>=91, 4.00, IF(AC27>=81, 3.50, IF(AC27>=70, 3.00, IF(AC27>=65, 2.50, IF(AC27>=60, 2.00, IF(AC27>=55, 1.50, IF(AC27>=50, 1.00, 0.00))))))) | AE27: =IF(AC27>=91,"A",IF(AC27>=81,"B+",IF(AC27>=70,"B",IF(AC27>=65,"C+",IF(AC27>=60,"C",IF(AC27>=55,"D+",IF(AC27>=50,"D","F"))))))) | AF27: 75 | AG27: =IF(AF27>=91, 4.00, IF(AF27>=81, 3.50, IF(AF27>=70, 3.00, IF(AF27>=65, 2.50, IF(AF27>=60, 2.00, IF(AF27>=55, 1.50, IF(AF27>=50, 1.00, 0.00))))))) | AH27: =IF(AF27>=91,"A",IF(AF27>=81,"B+",IF(AF27>=70,"B",IF(AF27>=65,"C+",IF(AF27>=60,"C",IF(AF27>=55,"D+",IF(AF27>=50,"D","F"))))))) | AI27: 101 | AJ27: =IF(AI27>=91, 4.00, IF(AI27>=81, 3.50, IF(AI27>=70, 3.00, IF(AI27>=65, 2.50, IF(AI27>=60, 2.00, IF(AI27>=55, 1.50, IF(AI27>=50, 1.00, 0.00))))))) | AK27: =IF(AI27>=91,"A",IF(AI27>=81,"B+",IF(AI27>=70,"B",IF(AI27>=65,"C+",IF(AI27>=60,"C",IF(AI27>=55,"D+",IF(AI27>=50,"D","F"))))))) | AL27: =ROUND((L27*3+O27*2+R27*1+U27*2+X27*1+AA27*2+AD27*2+AG27*2+AJ27*2)/17, 2) | AM27: 90 | AN27: =IF(AM27>=91, 4.00, IF(AM27>=81, 3.50, IF(AM27>=70, 3.00, IF(AM27>=65, 2.50, IF(AM27>=60, 2.00, IF(AM27>=55, 1.50, IF(AM27>=50, 1.00, 0.00))))))) | AO27: =IF(AM27>=91,"A",IF(AM27>=81,"B+",IF(AM27>=70,"B",IF(AM27>=65,"C+",IF(AM27>=60,"C",IF(AM27>=55,"D+",IF(AM27>=50,"D","F"))))))) | AP27: ນາງ | AQ27: =IF(AP27>=91, 4.00, IF(AP27>=81, 3.50, IF(AP27>=70, 3.00, IF(AP27>=65, 2.50, IF(AP27>=60, 2.00, IF(AP27>=55, 1.50, IF(AP27>=50, 1.00, 0.00))))))) | AR27: =IF(AP27>=91,"A",IF(AP27>=81,"B+",IF(AP27>=70,"B",IF(AP27>=65,"C+",IF(AP27>=60,"C",IF(AP27>=55,"D+",IF(AP27>=50,"D","F"))))))) | AS27: Ms.Phimmasone | AT27: =IF(AS27>=91, 4.00, IF(AS27>=81, 3.50, IF(AS27>=70, 3.00, IF(AS27>=65, 2.50, IF(AS27>=60, 2.00, IF(AS27>=55, 1.50, IF(AS27>=50, 1.00, 0.00))))))) | AU27: =IF(AS27>=91,"A",IF(AS27>=81,"B+",IF(AS27>=70,"B",IF(AS27>=65,"C+",IF(AS27>=60,"C",IF(AS27>=55,"D+",IF(AS27>=50,"D","F"))))))) | AV27: ນະຄອນຫຼວງວຽງຈັນ | AW27: =IF(AV27>=91, 4.00, IF(AV27>=81, 3.50, IF(AV27>=70, 3.00, IF(AV27>=65, 2.50, IF(AV27>=60, 2.00, IF(AV27>=55, 1.50, IF(AV27>=50, 1.00, 0.00))))))) | AX27: =IF(AV27>=91,"A",IF(AV27>=81,"B+",IF(AV27>=70,"B",IF(AV27>=65,"C+",IF(AV27>=60,"C",IF(AV27>=55,"D+",IF(AV27>=50,"D","F"))))))) | AY27: =IF(AW27>90,"A",IF(AW27>80,"B+",IF(AW27>69,"B",IF(AW27>64,"C+",IF(AW27>59,"C",IF(AW27>54,"D+",IF(AW27>49,"D",IF(AW27>=0,"F")))))))) -> C | AZ27: =IF(AY27>=91, 4.00, IF(AY27>=81, 3.50, IF(AY27>=70, 3.00, IF(AY27>=65, 2.50, IF(AY27>=60, 2.00, IF(AY27>=55, 1.50, IF(AY27>=50, 1.00, 0.00))))))) | BA27: =IF(AY27>=91,"A",IF(AY27>=81,"B+",IF(AY27>=70,"B",IF(AY27>=65,"C+",IF(AY27>=60,"C",IF(AY27>=55,"D+",IF(AY27>=50,"D","F"))))))) | BB27: =IF(AZ27>90,"A",IF(AZ27>80,"B+",IF(AZ27>69,"B",IF(AZ27>64,"C+",IF(AZ27>59,"C",IF(AZ27>54,"D+",IF(AZ27>49,"D",IF(AZ27>=0,"F")))))))) -> C+ | BC27: =IF(BB27>=91, 4.00, IF(BB27>=81, 3.50, IF(BB27>=70, 3.00, IF(BB27>=65, 2.50, IF(BB27>=60, 2.00, IF(BB27>=55, 1.50, IF(BB27>=50, 1.00, 0.00))))))) | BD27: =IF(BB27>=91,"A",IF(BB27>=81,"B+",IF(BB27>=70,"B",IF(BB27>=65,"C+",IF(BB27>=60,"C",IF(BB27>=55,"D+",IF(BB27>=50,"D","F"))))))) | BE27: =IF(BC27>90,"A",IF(BC27>80,"B+",IF(BC27>69,"B",IF(BC27>64,"C+",IF(BC27>59,"C",IF(BC27>54,"D+",IF(BC27>49,"D",IF(BC27>=0,"F")))))))) -> C | BF27: =IF(BE27>=91, 4.00, IF(BE27>=81, 3.50, IF(BE27>=70, 3.00, IF(BE27>=65, 2.50, IF(BE27>=60, 2.00, IF(BE27>=55, 1.50, IF(BE27>=50, 1.00, 0.00))))))) | BG27: =IF(BE27>=91,"A",IF(BE27>=81,"B+",IF(BE27>=70,"B",IF(BE27>=65,"C+",IF(BE27>=60,"C",IF(BE27>=55,"D+",IF(BE27>=50,"D","F"))))))) | BH27: =IF(BF27>90,"A",IF(BF27>80,"B+",IF(BF27>69,"B",IF(BF27>64,"C+",IF(BF27>59,"C",IF(BF27>54,"D+",IF(BF27>49,"D",IF(BF27>=0,"F")))))))) -> D+ | BI27: =IF(BH27>=91, 4.00, IF(BH27>=81, 3.50, IF(BH27>=70, 3.00, IF(BH27>=65, 2.50, IF(BH27>=60, 2.00, IF(BH27>=55, 1.50, IF(BH27>=50, 1.00, 0.00))))))) | BJ27: =IF(BH27>=91,"A",IF(BH27>=81,"B+",IF(BH27>=70,"B",IF(BH27>=65,"C+",IF(BH27>=60,"C",IF(BH27>=55,"D+",IF(BH27>=50,"D","F"))))))) | BK27: =IF(BI27>90,"A",IF(BI27>80,"B+",IF(BI27>69,"B",IF(BI27>64,"C+",IF(BI27>59,"C",IF(BI27>54,"D+",IF(BI27>49,"D",IF(BI27>=0,"F")))))))) -> B+ | BL27: =IF(BK27>=91, 4.00, IF(BK27>=81, 3.50, IF(BK27>=70, 3.00, IF(BK27>=65, 2.50, IF(BK27>=60, 2.00, IF(BK27>=55, 1.50, IF(BK27>=50, 1.00, 0.00))))))) | BM27: =IF(BK27>=91,"A",IF(BK27>=81,"B+",IF(BK27>=70,"B",IF(BK27>=65,"C+",IF(BK27>=60,"C",IF(BK27>=55,"D+",IF(BK27>=50,"D","F"))))))) | BN27: =IF(BL27>90,"A",IF(BL27>80,"B+",IF(BL27>69,"B",IF(BL27>64,"C+",IF(BL27>59,"C",IF(BL27>54,"D+",IF(BL27>49,"D",IF(BL27>=0,"F")))))))) -> C+ | BO27: =IF(BN27>=91, 4.00, IF(BN27>=81, 3.50, IF(BN27>=70, 3.00, IF(BN27>=65, 2.50, IF(BN27>=60, 2.00, IF(BN27>=55, 1.50, IF(BN27>=50, 1.00, 0.00))))))) | BP27: =IF(BN27>=91,"A",IF(BN27>=81,"B+",IF(BN27>=70,"B",IF(BN27>=65,"C+",IF(BN27>=60,"C",IF(BN27>=55,"D+",IF(BN27>=50,"D","F"))))))) | BQ27: =ROUND((AN27*3+AQ27*2+AT27*1+AW27*2+AZ27*1+BC27*1+BF27*2+BI27*2+BL27*2+BO27*3)/19, 2) | BR27: 43 | BS27: =IF(BR27>90,"4.00",IF(BR27>80,"3.50",IF(BR27>69,"3.00",IF(BR27>64,"2.50",IF(BR27>59,"2.00",IF(BR27>54,"1.50",IF(BR27>49,"1.00","0.00"))))))) -> 0.00 | BT27: =IF(BR27>90,"A",IF(BR27>80,"B+",IF(BR27>69,"B",IF(BR27>64,"C+",IF(BR27>59,"C",IF(BR27>54,"D+",IF(BR27>49,"D",IF(BR27>=0,"F")))))))) -> F | BU27: 62 | BV27: =IF(BU27>90,"4.00",IF(BU27>80,"3.50",IF(BU27>69,"3.00",IF(BU27>64,"2.50",IF(BU27>59,"2.00",IF(BU27>54,"1.50",IF(BU27>49,"1.00","0.00"))))))) -> 2.00 | BW27: =IF(BU27>90,"A",IF(BU27>80,"B+",IF(BU27>69,"B",IF(BU27>64,"C+",IF(BU27>59,"C",IF(BU27>54,"D+",IF(BU27>49,"D",IF(BU27>=0,"F")))))))) -> C | BX27: =(AX27*3+BA27*2+BD27*1+BG27*2+BJ27*1+BM27*1+BP27*2+BS27*2+BV27*2)/(3+2+1+2+1+1+2+2+2) -> 2 | BY27: =(AL27+BX27)/2 -> 2.25 | BZ27: =RANK(BY27,$BY$7:BY60) -> 18
A28: 22 | B28: 125N0636/23 | C28: ນາງ | D28: ກາເຊຍ | E28: ຈ້າງ | F28: Ms.Kashia | G28: CHANG | H28: 38691 | I28: ນະຄອນຫຼວງວຽງຈັນ | J28: 1 | K28: 45 | L28: =IF(K28>=91, 4.00, IF(K28>=81, 3.50, IF(K28>=70, 3.00, IF(K28>=65, 2.50, IF(K28>=60, 2.00, IF(K28>=55, 1.50, IF(K28>=50, 1.00, 0.00))))))) | M28: =IF(K28>=91,"A",IF(K28>=81,"B+",IF(K28>=70,"B",IF(K28>=65,"C+",IF(K28>=60,"C",IF(K28>=55,"D+",IF(K28>=50,"D","F"))))))) | N28: 79 | O28: =IF(N28>=91, 4.00, IF(N28>=81, 3.50, IF(N28>=70, 3.00, IF(N28>=65, 2.50, IF(N28>=60, 2.00, IF(N28>=55, 1.50, IF(N28>=50, 1.00, 0.00))))))) | P28: =IF(N28>=91,"A",IF(N28>=81,"B+",IF(N28>=70,"B",IF(N28>=65,"C+",IF(N28>=60,"C",IF(N28>=55,"D+",IF(N28>=50,"D","F"))))))) | Q28: 87 | R28: =IF(Q28>=91, 4.00, IF(Q28>=81, 3.50, IF(Q28>=70, 3.00, IF(Q28>=65, 2.50, IF(Q28>=60, 2.00, IF(Q28>=55, 1.50, IF(Q28>=50, 1.00, 0.00))))))) | S28: =IF(Q28>=91,"A",IF(Q28>=81,"B+",IF(Q28>=70,"B",IF(Q28>=65,"C+",IF(Q28>=60,"C",IF(Q28>=55,"D+",IF(Q28>=50,"D","F"))))))) | T28: 51 | U28: =IF(T28>=91, 4.00, IF(T28>=81, 3.50, IF(T28>=70, 3.00, IF(T28>=65, 2.50, IF(T28>=60, 2.00, IF(T28>=55, 1.50, IF(T28>=50, 1.00, 0.00))))))) | V28: =IF(T28>=91,"A",IF(T28>=81,"B+",IF(T28>=70,"B",IF(T28>=65,"C+",IF(T28>=60,"C",IF(T28>=55,"D+",IF(T28>=50,"D","F"))))))) | W28: 35 | X28: =IF(W28>=91, 4.00, IF(W28>=81, 3.50, IF(W28>=70, 3.00, IF(W28>=65, 2.50, IF(W28>=60, 2.00, IF(W28>=55, 1.50, IF(W28>=50, 1.00, 0.00))))))) | Y28: =IF(W28>=91,"A",IF(W28>=81,"B+",IF(W28>=70,"B",IF(W28>=65,"C+",IF(W28>=60,"C",IF(W28>=55,"D+",IF(W28>=50,"D","F"))))))) | Z28: 81.71 | AA28: =IF(Z28>=91, 4.00, IF(Z28>=81, 3.50, IF(Z28>=70, 3.00, IF(Z28>=65, 2.50, IF(Z28>=60, 2.00, IF(Z28>=55, 1.50, IF(Z28>=50, 1.00, 0.00))))))) | AB28: =IF(Z28>=91,"A",IF(Z28>=81,"B+",IF(Z28>=70,"B",IF(Z28>=65,"C+",IF(Z28>=60,"C",IF(Z28>=55,"D+",IF(Z28>=50,"D","F"))))))) | AC28: 68 | AD28: =IF(AC28>=91, 4.00, IF(AC28>=81, 3.50, IF(AC28>=70, 3.00, IF(AC28>=65, 2.50, IF(AC28>=60, 2.00, IF(AC28>=55, 1.50, IF(AC28>=50, 1.00, 0.00))))))) | AE28: =IF(AC28>=91,"A",IF(AC28>=81,"B+",IF(AC28>=70,"B",IF(AC28>=65,"C+",IF(AC28>=60,"C",IF(AC28>=55,"D+",IF(AC28>=50,"D","F"))))))) | AF28: 78 | AG28: =IF(AF28>=91, 4.00, IF(AF28>=81, 3.50, IF(AF28>=70, 3.00, IF(AF28>=65, 2.50, IF(AF28>=60, 2.00, IF(AF28>=55, 1.50, IF(AF28>=50, 1.00, 0.00))))))) | AH28: =IF(AF28>=91,"A",IF(AF28>=81,"B+",IF(AF28>=70,"B",IF(AF28>=65,"C+",IF(AF28>=60,"C",IF(AF28>=55,"D+",IF(AF28>=50,"D","F"))))))) | AI28: 102 | AJ28: =IF(AI28>=91, 4.00, IF(AI28>=81, 3.50, IF(AI28>=70, 3.00, IF(AI28>=65, 2.50, IF(AI28>=60, 2.00, IF(AI28>=55, 1.50, IF(AI28>=50, 1.00, 0.00))))))) | AK28: =IF(AI28>=91,"A",IF(AI28>=81,"B+",IF(AI28>=70,"B",IF(AI28>=65,"C+",IF(AI28>=60,"C",IF(AI28>=55,"D+",IF(AI28>=50,"D","F"))))))) | AL28: =ROUND((L28*3+O28*2+R28*1+U28*2+X28*1+AA28*2+AD28*2+AG28*2+AJ28*2)/17, 2) | AM28: 93 | AN28: =IF(AM28>=91, 4.00, IF(AM28>=81, 3.50, IF(AM28>=70, 3.00, IF(AM28>=65, 2.50, IF(AM28>=60, 2.00, IF(AM28>=55, 1.50, IF(AM28>=50, 1.00, 0.00))))))) | AO28: =IF(AM28>=91,"A",IF(AM28>=81,"B+",IF(AM28>=70,"B",IF(AM28>=65,"C+",IF(AM28>=60,"C",IF(AM28>=55,"D+",IF(AM28>=50,"D","F"))))))) | AP28: ນາງ | AQ28: =IF(AP28>=91, 4.00, IF(AP28>=81, 3.50, IF(AP28>=70, 3.00, IF(AP28>=65, 2.50, IF(AP28>=60, 2.00, IF(AP28>=55, 1.50, IF(AP28>=50, 1.00, 0.00))))))) | AR28: =IF(AP28>=91,"A",IF(AP28>=81,"B+",IF(AP28>=70,"B",IF(AP28>=65,"C+",IF(AP28>=60,"C",IF(AP28>=55,"D+",IF(AP28>=50,"D","F"))))))) | AS28: Ms.Kashia | AT28: =IF(AS28>=91, 4.00, IF(AS28>=81, 3.50, IF(AS28>=70, 3.00, IF(AS28>=65, 2.50, IF(AS28>=60, 2.00, IF(AS28>=55, 1.50, IF(AS28>=50, 1.00, 0.00))))))) | AU28: =IF(AS28>=91,"A",IF(AS28>=81,"B+",IF(AS28>=70,"B",IF(AS28>=65,"C+",IF(AS28>=60,"C",IF(AS28>=55,"D+",IF(AS28>=50,"D","F"))))))) | AV28: ນະຄອນຫຼວງວຽງຈັນ | AW28: =IF(AV28>=91, 4.00, IF(AV28>=81, 3.50, IF(AV28>=70, 3.00, IF(AV28>=65, 2.50, IF(AV28>=60, 2.00, IF(AV28>=55, 1.50, IF(AV28>=50, 1.00, 0.00))))))) | AX28: =IF(AV28>=91,"A",IF(AV28>=81,"B+",IF(AV28>=70,"B",IF(AV28>=65,"C+",IF(AV28>=60,"C",IF(AV28>=55,"D+",IF(AV28>=50,"D","F"))))))) | AY28: =IF(AW28>90,"A",IF(AW28>80,"B+",IF(AW28>69,"B",IF(AW28>64,"C+",IF(AW28>59,"C",IF(AW28>54,"D+",IF(AW28>49,"D",IF(AW28>=0,"F")))))))) -> B | AZ28: =IF(AY28>=91, 4.00, IF(AY28>=81, 3.50, IF(AY28>=70, 3.00, IF(AY28>=65, 2.50, IF(AY28>=60, 2.00, IF(AY28>=55, 1.50, IF(AY28>=50, 1.00, 0.00))))))) | BA28: =IF(AY28>=91,"A",IF(AY28>=81,"B+",IF(AY28>=70,"B",IF(AY28>=65,"C+",IF(AY28>=60,"C",IF(AY28>=55,"D+",IF(AY28>=50,"D","F"))))))) | BB28: =IF(AZ28>90,"A",IF(AZ28>80,"B+",IF(AZ28>69,"B",IF(AZ28>64,"C+",IF(AZ28>59,"C",IF(AZ28>54,"D+",IF(AZ28>49,"D",IF(AZ28>=0,"F")))))))) -> B | BC28: =IF(BB28>=91, 4.00, IF(BB28>=81, 3.50, IF(BB28>=70, 3.00, IF(BB28>=65, 2.50, IF(BB28>=60, 2.00, IF(BB28>=55, 1.50, IF(BB28>=50, 1.00, 0.00))))))) | BD28: =IF(BB28>=91,"A",IF(BB28>=81,"B+",IF(BB28>=70,"B",IF(BB28>=65,"C+",IF(BB28>=60,"C",IF(BB28>=55,"D+",IF(BB28>=50,"D","F"))))))) | BE28: =IF(BC28>90,"A",IF(BC28>80,"B+",IF(BC28>69,"B",IF(BC28>64,"C+",IF(BC28>59,"C",IF(BC28>54,"D+",IF(BC28>49,"D",IF(BC28>=0,"F")))))))) -> B | BF28: =IF(BE28>=91, 4.00, IF(BE28>=81, 3.50, IF(BE28>=70, 3.00, IF(BE28>=65, 2.50, IF(BE28>=60, 2.00, IF(BE28>=55, 1.50, IF(BE28>=50, 1.00, 0.00))))))) | BG28: =IF(BE28>=91,"A",IF(BE28>=81,"B+",IF(BE28>=70,"B",IF(BE28>=65,"C+",IF(BE28>=60,"C",IF(BE28>=55,"D+",IF(BE28>=50,"D","F"))))))) | BH28: =IF(BF28>90,"A",IF(BF28>80,"B+",IF(BF28>69,"B",IF(BF28>64,"C+",IF(BF28>59,"C",IF(BF28>54,"D+",IF(BF28>49,"D",IF(BF28>=0,"F")))))))) -> B | BI28: =IF(BH28>=91, 4.00, IF(BH28>=81, 3.50, IF(BH28>=70, 3.00, IF(BH28>=65, 2.50, IF(BH28>=60, 2.00, IF(BH28>=55, 1.50, IF(BH28>=50, 1.00, 0.00))))))) | BJ28: =IF(BH28>=91,"A",IF(BH28>=81,"B+",IF(BH28>=70,"B",IF(BH28>=65,"C+",IF(BH28>=60,"C",IF(BH28>=55,"D+",IF(BH28>=50,"D","F"))))))) | BK28: =IF(BI28>90,"A",IF(BI28>80,"B+",IF(BI28>69,"B",IF(BI28>64,"C+",IF(BI28>59,"C",IF(BI28>54,"D+",IF(BI28>49,"D",IF(BI28>=0,"F")))))))) -> C+ | BL28: =IF(BK28>=91, 4.00, IF(BK28>=81, 3.50, IF(BK28>=70, 3.00, IF(BK28>=65, 2.50, IF(BK28>=60, 2.00, IF(BK28>=55, 1.50, IF(BK28>=50, 1.00, 0.00))))))) | BM28: =IF(BK28>=91,"A",IF(BK28>=81,"B+",IF(BK28>=70,"B",IF(BK28>=65,"C+",IF(BK28>=60,"C",IF(BK28>=55,"D+",IF(BK28>=50,"D","F"))))))) | BN28: =IF(BL28>90,"A",IF(BL28>80,"B+",IF(BL28>69,"B",IF(BL28>64,"C+",IF(BL28>59,"C",IF(BL28>54,"D+",IF(BL28>49,"D",IF(BL28>=0,"F")))))))) -> C+ | BO28: =IF(BN28>=91, 4.00, IF(BN28>=81, 3.50, IF(BN28>=70, 3.00, IF(BN28>=65, 2.50, IF(BN28>=60, 2.00, IF(BN28>=55, 1.50, IF(BN28>=50, 1.00, 0.00))))))) | BP28: =IF(BN28>=91,"A",IF(BN28>=81,"B+",IF(BN28>=70,"B",IF(BN28>=65,"C+",IF(BN28>=60,"C",IF(BN28>=55,"D+",IF(BN28>=50,"D","F"))))))) | BQ28: =ROUND((AN28*3+AQ28*2+AT28*1+AW28*2+AZ28*1+BC28*1+BF28*2+BI28*2+BL28*2+BO28*3)/19, 2) | BR28: 58 | BS28: =IF(BR28>90,"4.00",IF(BR28>80,"3.50",IF(BR28>69,"3.00",IF(BR28>64,"2.50",IF(BR28>59,"2.00",IF(BR28>54,"1.50",IF(BR28>49,"1.00","0.00"))))))) -> 1.50 | BT28: =IF(BR28>90,"A",IF(BR28>80,"B+",IF(BR28>69,"B",IF(BR28>64,"C+",IF(BR28>59,"C",IF(BR28>54,"D+",IF(BR28>49,"D",IF(BR28>=0,"F")))))))) -> D+ | BU28: 71 | BV28: =IF(BU28>90,"4.00",IF(BU28>80,"3.50",IF(BU28>69,"3.00",IF(BU28>64,"2.50",IF(BU28>59,"2.00",IF(BU28>54,"1.50",IF(BU28>49,"1.00","0.00"))))))) -> 3.00 | BW28: =IF(BU28>90,"A",IF(BU28>80,"B+",IF(BU28>69,"B",IF(BU28>64,"C+",IF(BU28>59,"C",IF(BU28>54,"D+",IF(BU28>49,"D",IF(BU28>=0,"F")))))))) -> B | BX28: =(AX28*3+BA28*2+BD28*1+BG28*2+BJ28*1+BM28*1+BP28*2+BS28*2+BV28*2)/(3+2+1+2+1+1+2+2+2) -> 2.75 | BY28: =(AL28+BX28)/2 -> 2.375 | BZ28: =RANK(BY28,$BY$7:BY61) -> 17
A29: 23 | B29: 125N0637/23 | C29: ທ້າວ | D29: ໄຊຊະນະ | E29: ພົມມາວິເສດ | F29: Mr.Saysana | G29: PHOMMAVISED | H29: 14/11/2005 | I29: ນະຄອນຫຼວງວຽງຈັນ | J29: 1 | K29: 80 | L29: =IF(K29>=91, 4.00, IF(K29>=81, 3.50, IF(K29>=70, 3.00, IF(K29>=65, 2.50, IF(K29>=60, 2.00, IF(K29>=55, 1.50, IF(K29>=50, 1.00, 0.00))))))) | M29: =IF(K29>=91,"A",IF(K29>=81,"B+",IF(K29>=70,"B",IF(K29>=65,"C+",IF(K29>=60,"C",IF(K29>=55,"D+",IF(K29>=50,"D","F"))))))) | N29: 95 | O29: =IF(N29>=91, 4.00, IF(N29>=81, 3.50, IF(N29>=70, 3.00, IF(N29>=65, 2.50, IF(N29>=60, 2.00, IF(N29>=55, 1.50, IF(N29>=50, 1.00, 0.00))))))) | P29: =IF(N29>=91,"A",IF(N29>=81,"B+",IF(N29>=70,"B",IF(N29>=65,"C+",IF(N29>=60,"C",IF(N29>=55,"D+",IF(N29>=50,"D","F"))))))) | Q29: 85 | R29: =IF(Q29>=91, 4.00, IF(Q29>=81, 3.50, IF(Q29>=70, 3.00, IF(Q29>=65, 2.50, IF(Q29>=60, 2.00, IF(Q29>=55, 1.50, IF(Q29>=50, 1.00, 0.00))))))) | S29: =IF(Q29>=91,"A",IF(Q29>=81,"B+",IF(Q29>=70,"B",IF(Q29>=65,"C+",IF(Q29>=60,"C",IF(Q29>=55,"D+",IF(Q29>=50,"D","F"))))))) | T29: 82 | U29: =IF(T29>=91, 4.00, IF(T29>=81, 3.50, IF(T29>=70, 3.00, IF(T29>=65, 2.50, IF(T29>=60, 2.00, IF(T29>=55, 1.50, IF(T29>=50, 1.00, 0.00))))))) | V29: =IF(T29>=91,"A",IF(T29>=81,"B+",IF(T29>=70,"B",IF(T29>=65,"C+",IF(T29>=60,"C",IF(T29>=55,"D+",IF(T29>=50,"D","F"))))))) | W29: 70 | X29: =IF(W29>=91, 4.00, IF(W29>=81, 3.50, IF(W29>=70, 3.00, IF(W29>=65, 2.50, IF(W29>=60, 2.00, IF(W29>=55, 1.50, IF(W29>=50, 1.00, 0.00))))))) | Y29: =IF(W29>=91,"A",IF(W29>=81,"B+",IF(W29>=70,"B",IF(W29>=65,"C+",IF(W29>=60,"C",IF(W29>=55,"D+",IF(W29>=50,"D","F"))))))) | Z29: 87.45 | AA29: =IF(Z29>=91, 4.00, IF(Z29>=81, 3.50, IF(Z29>=70, 3.00, IF(Z29>=65, 2.50, IF(Z29>=60, 2.00, IF(Z29>=55, 1.50, IF(Z29>=50, 1.00, 0.00))))))) | AB29: =IF(Z29>=91,"A",IF(Z29>=81,"B+",IF(Z29>=70,"B",IF(Z29>=65,"C+",IF(Z29>=60,"C",IF(Z29>=55,"D+",IF(Z29>=50,"D","F"))))))) | AC29: 58 | AD29: =IF(AC29>=91, 4.00, IF(AC29>=81, 3.50, IF(AC29>=70, 3.00, IF(AC29>=65, 2.50, IF(AC29>=60, 2.00, IF(AC29>=55, 1.50, IF(AC29>=50, 1.00, 0.00))))))) | AE29: =IF(AC29>=91,"A",IF(AC29>=81,"B+",IF(AC29>=70,"B",IF(AC29>=65,"C+",IF(AC29>=60,"C",IF(AC29>=55,"D+",IF(AC29>=50,"D","F"))))))) | AF29: 77 | AG29: =IF(AF29>=91, 4.00, IF(AF29>=81, 3.50, IF(AF29>=70, 3.00, IF(AF29>=65, 2.50, IF(AF29>=60, 2.00, IF(AF29>=55, 1.50, IF(AF29>=50, 1.00, 0.00))))))) | AH29: =IF(AF29>=91,"A",IF(AF29>=81,"B+",IF(AF29>=70,"B",IF(AF29>=65,"C+",IF(AF29>=60,"C",IF(AF29>=55,"D+",IF(AF29>=50,"D","F"))))))) | AI29: 103 | AJ29: =IF(AI29>=91, 4.00, IF(AI29>=81, 3.50, IF(AI29>=70, 3.00, IF(AI29>=65, 2.50, IF(AI29>=60, 2.00, IF(AI29>=55, 1.50, IF(AI29>=50, 1.00, 0.00))))))) | AK29: =IF(AI29>=91,"A",IF(AI29>=81,"B+",IF(AI29>=70,"B",IF(AI29>=65,"C+",IF(AI29>=60,"C",IF(AI29>=55,"D+",IF(AI29>=50,"D","F"))))))) | AL29: =ROUND((L29*3+O29*2+R29*1+U29*2+X29*1+AA29*2+AD29*2+AG29*2+AJ29*2)/17, 2) | AM29: 75 | AN29: =IF(AM29>=91, 4.00, IF(AM29>=81, 3.50, IF(AM29>=70, 3.00, IF(AM29>=65, 2.50, IF(AM29>=60, 2.00, IF(AM29>=55, 1.50, IF(AM29>=50, 1.00, 0.00))))))) | AO29: =IF(AM29>=91,"A",IF(AM29>=81,"B+",IF(AM29>=70,"B",IF(AM29>=65,"C+",IF(AM29>=60,"C",IF(AM29>=55,"D+",IF(AM29>=50,"D","F"))))))) | AP29: ທ້າວ | AQ29: =IF(AP29>=91, 4.00, IF(AP29>=81, 3.50, IF(AP29>=70, 3.00, IF(AP29>=65, 2.50, IF(AP29>=60, 2.00, IF(AP29>=55, 1.50, IF(AP29>=50, 1.00, 0.00))))))) | AR29: =IF(AP29>=91,"A",IF(AP29>=81,"B+",IF(AP29>=70,"B",IF(AP29>=65,"C+",IF(AP29>=60,"C",IF(AP29>=55,"D+",IF(AP29>=50,"D","F"))))))) | AS29: Mr.Saysana | AT29: =IF(AS29>=91, 4.00, IF(AS29>=81, 3.50, IF(AS29>=70, 3.00, IF(AS29>=65, 2.50, IF(AS29>=60, 2.00, IF(AS29>=55, 1.50, IF(AS29>=50, 1.00, 0.00))))))) | AU29: =IF(AS29>=91,"A",IF(AS29>=81,"B+",IF(AS29>=70,"B",IF(AS29>=65,"C+",IF(AS29>=60,"C",IF(AS29>=55,"D+",IF(AS29>=50,"D","F"))))))) | AV29: ນະຄອນຫຼວງວຽງຈັນ | AW29: =IF(AV29>=91, 4.00, IF(AV29>=81, 3.50, IF(AV29>=70, 3.00, IF(AV29>=65, 2.50, IF(AV29>=60, 2.00, IF(AV29>=55, 1.50, IF(AV29>=50, 1.00, 0.00))))))) | AX29: =IF(AV29>=91,"A",IF(AV29>=81,"B+",IF(AV29>=70,"B",IF(AV29>=65,"C+",IF(AV29>=60,"C",IF(AV29>=55,"D+",IF(AV29>=50,"D","F"))))))) | AY29: =IF(AW29>90,"A",IF(AW29>80,"B+",IF(AW29>69,"B",IF(AW29>64,"C+",IF(AW29>59,"C",IF(AW29>54,"D+",IF(AW29>49,"D",IF(AW29>=0,"F")))))))) -> B+ | AZ29: =IF(AY29>=91, 4.00, IF(AY29>=81, 3.50, IF(AY29>=70, 3.00, IF(AY29>=65, 2.50, IF(AY29>=60, 2.00, IF(AY29>=55, 1.50, IF(AY29>=50, 1.00, 0.00))))))) | BA29: =IF(AY29>=91,"A",IF(AY29>=81,"B+",IF(AY29>=70,"B",IF(AY29>=65,"C+",IF(AY29>=60,"C",IF(AY29>=55,"D+",IF(AY29>=50,"D","F"))))))) | BB29: =IF(AZ29>90,"A",IF(AZ29>80,"B+",IF(AZ29>69,"B",IF(AZ29>64,"C+",IF(AZ29>59,"C",IF(AZ29>54,"D+",IF(AZ29>49,"D",IF(AZ29>=0,"F")))))))) -> B+ | BC29: =IF(BB29>=91, 4.00, IF(BB29>=81, 3.50, IF(BB29>=70, 3.00, IF(BB29>=65, 2.50, IF(BB29>=60, 2.00, IF(BB29>=55, 1.50, IF(BB29>=50, 1.00, 0.00))))))) | BD29: =IF(BB29>=91,"A",IF(BB29>=81,"B+",IF(BB29>=70,"B",IF(BB29>=65,"C+",IF(BB29>=60,"C",IF(BB29>=55,"D+",IF(BB29>=50,"D","F"))))))) | BE29: =IF(BC29>90,"A",IF(BC29>80,"B+",IF(BC29>69,"B",IF(BC29>64,"C+",IF(BC29>59,"C",IF(BC29>54,"D+",IF(BC29>49,"D",IF(BC29>=0,"F")))))))) -> A | BF29: =IF(BE29>=91, 4.00, IF(BE29>=81, 3.50, IF(BE29>=70, 3.00, IF(BE29>=65, 2.50, IF(BE29>=60, 2.00, IF(BE29>=55, 1.50, IF(BE29>=50, 1.00, 0.00))))))) | BG29: =IF(BE29>=91,"A",IF(BE29>=81,"B+",IF(BE29>=70,"B",IF(BE29>=65,"C+",IF(BE29>=60,"C",IF(BE29>=55,"D+",IF(BE29>=50,"D","F"))))))) | BH29: =IF(BF29>90,"A",IF(BF29>80,"B+",IF(BF29>69,"B",IF(BF29>64,"C+",IF(BF29>59,"C",IF(BF29>54,"D+",IF(BF29>49,"D",IF(BF29>=0,"F")))))))) -> B+ | BI29: =IF(BH29>=91, 4.00, IF(BH29>=81, 3.50, IF(BH29>=70, 3.00, IF(BH29>=65, 2.50, IF(BH29>=60, 2.00, IF(BH29>=55, 1.50, IF(BH29>=50, 1.00, 0.00))))))) | BJ29: =IF(BH29>=91,"A",IF(BH29>=81,"B+",IF(BH29>=70,"B",IF(BH29>=65,"C+",IF(BH29>=60,"C",IF(BH29>=55,"D+",IF(BH29>=50,"D","F"))))))) | BK29: =IF(BI29>90,"A",IF(BI29>80,"B+",IF(BI29>69,"B",IF(BI29>64,"C+",IF(BI29>59,"C",IF(BI29>54,"D+",IF(BI29>49,"D",IF(BI29>=0,"F")))))))) -> A | BL29: =IF(BK29>=91, 4.00, IF(BK29>=81, 3.50, IF(BK29>=70, 3.00, IF(BK29>=65, 2.50, IF(BK29>=60, 2.00, IF(BK29>=55, 1.50, IF(BK29>=50, 1.00, 0.00))))))) | BM29: =IF(BK29>=91,"A",IF(BK29>=81,"B+",IF(BK29>=70,"B",IF(BK29>=65,"C+",IF(BK29>=60,"C",IF(BK29>=55,"D+",IF(BK29>=50,"D","F"))))))) | BN29: =IF(BL29>90,"A",IF(BL29>80,"B+",IF(BL29>69,"B",IF(BL29>64,"C+",IF(BL29>59,"C",IF(BL29>54,"D+",IF(BL29>49,"D",IF(BL29>=0,"F")))))))) -> A | BO29: =IF(BN29>=91, 4.00, IF(BN29>=81, 3.50, IF(BN29>=70, 3.00, IF(BN29>=65, 2.50, IF(BN29>=60, 2.00, IF(BN29>=55, 1.50, IF(BN29>=50, 1.00, 0.00))))))) | BP29: =IF(BN29>=91,"A",IF(BN29>=81,"B+",IF(BN29>=70,"B",IF(BN29>=65,"C+",IF(BN29>=60,"C",IF(BN29>=55,"D+",IF(BN29>=50,"D","F"))))))) | BQ29: =ROUND((AN29*3+AQ29*2+AT29*1+AW29*2+AZ29*1+BC29*1+BF29*2+BI29*2+BL29*2+BO29*3)/19, 2) | BR29: 61 | BS29: =IF(BR29>90,"4.00",IF(BR29>80,"3.50",IF(BR29>69,"3.00",IF(BR29>64,"2.50",IF(BR29>59,"2.00",IF(BR29>54,"1.50",IF(BR29>49,"1.00","0.00"))))))) -> 2.00 | BT29: =IF(BR29>90,"A",IF(BR29>80,"B+",IF(BR29>69,"B",IF(BR29>64,"C+",IF(BR29>59,"C",IF(BR29>54,"D+",IF(BR29>49,"D",IF(BR29>=0,"F")))))))) -> C | BU29: 62 | BV29: =IF(BU29>90,"4.00",IF(BU29>80,"3.50",IF(BU29>69,"3.00",IF(BU29>64,"2.50",IF(BU29>59,"2.00",IF(BU29>54,"1.50",IF(BU29>49,"1.00","0.00"))))))) -> 2.00 | BW29: =IF(BU29>90,"A",IF(BU29>80,"B+",IF(BU29>69,"B",IF(BU29>64,"C+",IF(BU29>59,"C",IF(BU29>54,"D+",IF(BU29>49,"D",IF(BU29>=0,"F")))))))) -> C | BX29: =(AX29*3+BA29*2+BD29*1+BG29*2+BJ29*1+BM29*1+BP29*2+BS29*2+BV29*2)/(3+2+1+2+1+1+2+2+2) -> 3.15625 | BY29: =(AL29+BX29)/2 -> 3.078125 | BZ29: =RANK(BY29,$BY$7:BY62) -> 10
A30: 24 | B30: 125N0638/23 | C30: ນາງ | D30: ມາກາແລັດ | E30: ວົງຄຳຊາວ | F30: Ms.Margaret | G30: VONGKHAMSAO | H30: 13/11/2004 | J30: 1 | K30: 33 | L30: =IF(K30>=91, 4.00, IF(K30>=81, 3.50, IF(K30>=70, 3.00, IF(K30>=65, 2.50, IF(K30>=60, 2.00, IF(K30>=55, 1.50, IF(K30>=50, 1.00, 0.00))))))) | M30: =IF(K30>=91,"A",IF(K30>=81,"B+",IF(K30>=70,"B",IF(K30>=65,"C+",IF(K30>=60,"C",IF(K30>=55,"D+",IF(K30>=50,"D","F"))))))) | N30: 59 | O30: =IF(N30>=91, 4.00, IF(N30>=81, 3.50, IF(N30>=70, 3.00, IF(N30>=65, 2.50, IF(N30>=60, 2.00, IF(N30>=55, 1.50, IF(N30>=50, 1.00, 0.00))))))) | P30: =IF(N30>=91,"A",IF(N30>=81,"B+",IF(N30>=70,"B",IF(N30>=65,"C+",IF(N30>=60,"C",IF(N30>=55,"D+",IF(N30>=50,"D","F"))))))) | Q30: 62 | R30: =IF(Q30>=91, 4.00, IF(Q30>=81, 3.50, IF(Q30>=70, 3.00, IF(Q30>=65, 2.50, IF(Q30>=60, 2.00, IF(Q30>=55, 1.50, IF(Q30>=50, 1.00, 0.00))))))) | S30: =IF(Q30>=91,"A",IF(Q30>=81,"B+",IF(Q30>=70,"B",IF(Q30>=65,"C+",IF(Q30>=60,"C",IF(Q30>=55,"D+",IF(Q30>=50,"D","F"))))))) | T30: 43 | U30: =IF(T30>=91, 4.00, IF(T30>=81, 3.50, IF(T30>=70, 3.00, IF(T30>=65, 2.50, IF(T30>=60, 2.00, IF(T30>=55, 1.50, IF(T30>=50, 1.00, 0.00))))))) | V30: =IF(T30>=91,"A",IF(T30>=81,"B+",IF(T30>=70,"B",IF(T30>=65,"C+",IF(T30>=60,"C",IF(T30>=55,"D+",IF(T30>=50,"D","F"))))))) | W30: 23 | X30: =IF(W30>=91, 4.00, IF(W30>=81, 3.50, IF(W30>=70, 3.00, IF(W30>=65, 2.50, IF(W30>=60, 2.00, IF(W30>=55, 1.50, IF(W30>=50, 1.00, 0.00))))))) | Y30: =IF(W30>=91,"A",IF(W30>=81,"B+",IF(W30>=70,"B",IF(W30>=65,"C+",IF(W30>=60,"C",IF(W30>=55,"D+",IF(W30>=50,"D","F"))))))) | Z30: 86.14 | AA30: =IF(Z30>=91, 4.00, IF(Z30>=81, 3.50, IF(Z30>=70, 3.00, IF(Z30>=65, 2.50, IF(Z30>=60, 2.00, IF(Z30>=55, 1.50, IF(Z30>=50, 1.00, 0.00))))))) | AB30: =IF(Z30>=91,"A",IF(Z30>=81,"B+",IF(Z30>=70,"B",IF(Z30>=65,"C+",IF(Z30>=60,"C",IF(Z30>=55,"D+",IF(Z30>=50,"D","F"))))))) | AC30: 52 | AD30: =IF(AC30>=91, 4.00, IF(AC30>=81, 3.50, IF(AC30>=70, 3.00, IF(AC30>=65, 2.50, IF(AC30>=60, 2.00, IF(AC30>=55, 1.50, IF(AC30>=50, 1.00, 0.00))))))) | AE30: =IF(AC30>=91,"A",IF(AC30>=81,"B+",IF(AC30>=70,"B",IF(AC30>=65,"C+",IF(AC30>=60,"C",IF(AC30>=55,"D+",IF(AC30>=50,"D","F"))))))) | AF30: 75 | AG30: =IF(AF30>=91, 4.00, IF(AF30>=81, 3.50, IF(AF30>=70, 3.00, IF(AF30>=65, 2.50, IF(AF30>=60, 2.00, IF(AF30>=55, 1.50, IF(AF30>=50, 1.00, 0.00))))))) | AH30: =IF(AF30>=91,"A",IF(AF30>=81,"B+",IF(AF30>=70,"B",IF(AF30>=65,"C+",IF(AF30>=60,"C",IF(AF30>=55,"D+",IF(AF30>=50,"D","F"))))))) | AI30: 104 | AJ30: =IF(AI30>=91, 4.00, IF(AI30>=81, 3.50, IF(AI30>=70, 3.00, IF(AI30>=65, 2.50, IF(AI30>=60, 2.00, IF(AI30>=55, 1.50, IF(AI30>=50, 1.00, 0.00))))))) | AK30: =IF(AI30>=91,"A",IF(AI30>=81,"B+",IF(AI30>=70,"B",IF(AI30>=65,"C+",IF(AI30>=60,"C",IF(AI30>=55,"D+",IF(AI30>=50,"D","F"))))))) | AL30: =ROUND((L30*3+O30*2+R30*1+U30*2+X30*1+AA30*2+AD30*2+AG30*2+AJ30*2)/17, 2) | AM30: 78 | AN30: =IF(AM30>=91, 4.00, IF(AM30>=81, 3.50, IF(AM30>=70, 3.00, IF(AM30>=65, 2.50, IF(AM30>=60, 2.00, IF(AM30>=55, 1.50, IF(AM30>=50, 1.00, 0.00))))))) | AO30: =IF(AM30>=91,"A",IF(AM30>=81,"B+",IF(AM30>=70,"B",IF(AM30>=65,"C+",IF(AM30>=60,"C",IF(AM30>=55,"D+",IF(AM30>=50,"D","F"))))))) | AP30: ນາງ | AQ30: =IF(AP30>=91, 4.00, IF(AP30>=81, 3.50, IF(AP30>=70, 3.00, IF(AP30>=65, 2.50, IF(AP30>=60, 2.00, IF(AP30>=55, 1.50, IF(AP30>=50, 1.00, 0.00))))))) | AR30: =IF(AP30>=91,"A",IF(AP30>=81,"B+",IF(AP30>=70,"B",IF(AP30>=65,"C+",IF(AP30>=60,"C",IF(AP30>=55,"D+",IF(AP30>=50,"D","F"))))))) | AS30: Ms.Margaret | AT30: =IF(AS30>=91, 4.00, IF(AS30>=81, 3.50, IF(AS30>=70, 3.00, IF(AS30>=65, 2.50, IF(AS30>=60, 2.00, IF(AS30>=55, 1.50, IF(AS30>=50, 1.00, 0.00))))))) | AU30: =IF(AS30>=91,"A",IF(AS30>=81,"B+",IF(AS30>=70,"B",IF(AS30>=65,"C+",IF(AS30>=60,"C",IF(AS30>=55,"D+",IF(AS30>=50,"D","F"))))))) | AV30: 87 | AW30: =IF(AV30>=91, 4.00, IF(AV30>=81, 3.50, IF(AV30>=70, 3.00, IF(AV30>=65, 2.50, IF(AV30>=60, 2.00, IF(AV30>=55, 1.50, IF(AV30>=50, 1.00, 0.00))))))) | AX30: =IF(AV30>=91,"A",IF(AV30>=81,"B+",IF(AV30>=70,"B",IF(AV30>=65,"C+",IF(AV30>=60,"C",IF(AV30>=55,"D+",IF(AV30>=50,"D","F"))))))) | AY30: =IF(AW30>90,"A",IF(AW30>80,"B+",IF(AW30>69,"B",IF(AW30>64,"C+",IF(AW30>59,"C",IF(AW30>54,"D+",IF(AW30>49,"D",IF(AW30>=0,"F")))))))) -> F | AZ30: =IF(AY30>=91, 4.00, IF(AY30>=81, 3.50, IF(AY30>=70, 3.00, IF(AY30>=65, 2.50, IF(AY30>=60, 2.00, IF(AY30>=55, 1.50, IF(AY30>=50, 1.00, 0.00))))))) | BA30: =IF(AY30>=91,"A",IF(AY30>=81,"B+",IF(AY30>=70,"B",IF(AY30>=65,"C+",IF(AY30>=60,"C",IF(AY30>=55,"D+",IF(AY30>=50,"D","F"))))))) | BB30: =IF(AZ30>90,"A",IF(AZ30>80,"B+",IF(AZ30>69,"B",IF(AZ30>64,"C+",IF(AZ30>59,"C",IF(AZ30>54,"D+",IF(AZ30>49,"D",IF(AZ30>=0,"F")))))))) -> F | BC30: =IF(BB30>=91, 4.00, IF(BB30>=81, 3.50, IF(BB30>=70, 3.00, IF(BB30>=65, 2.50, IF(BB30>=60, 2.00, IF(BB30>=55, 1.50, IF(BB30>=50, 1.00, 0.00))))))) | BD30: =IF(BB30>=91,"A",IF(BB30>=81,"B+",IF(BB30>=70,"B",IF(BB30>=65,"C+",IF(BB30>=60,"C",IF(BB30>=55,"D+",IF(BB30>=50,"D","F"))))))) | BE30: =IF(BC30>90,"A",IF(BC30>80,"B+",IF(BC30>69,"B",IF(BC30>64,"C+",IF(BC30>59,"C",IF(BC30>54,"D+",IF(BC30>49,"D",IF(BC30>=0,"F")))))))) -> F | BF30: =IF(BE30>=91, 4.00, IF(BE30>=81, 3.50, IF(BE30>=70, 3.00, IF(BE30>=65, 2.50, IF(BE30>=60, 2.00, IF(BE30>=55, 1.50, IF(BE30>=50, 1.00, 0.00))))))) | BG30: =IF(BE30>=91,"A",IF(BE30>=81,"B+",IF(BE30>=70,"B",IF(BE30>=65,"C+",IF(BE30>=60,"C",IF(BE30>=55,"D+",IF(BE30>=50,"D","F"))))))) | BH30: =IF(BF30>90,"A",IF(BF30>80,"B+",IF(BF30>69,"B",IF(BF30>64,"C+",IF(BF30>59,"C",IF(BF30>54,"D+",IF(BF30>49,"D",IF(BF30>=0,"F")))))))) -> F | BI30: =IF(BH30>=91, 4.00, IF(BH30>=81, 3.50, IF(BH30>=70, 3.00, IF(BH30>=65, 2.50, IF(BH30>=60, 2.00, IF(BH30>=55, 1.50, IF(BH30>=50, 1.00, 0.00))))))) | BJ30: =IF(BH30>=91,"A",IF(BH30>=81,"B+",IF(BH30>=70,"B",IF(BH30>=65,"C+",IF(BH30>=60,"C",IF(BH30>=55,"D+",IF(BH30>=50,"D","F"))))))) | BK30: =IF(BI30>90,"A",IF(BI30>80,"B+",IF(BI30>69,"B",IF(BI30>64,"C+",IF(BI30>59,"C",IF(BI30>54,"D+",IF(BI30>49,"D",IF(BI30>=0,"F")))))))) -> F | BL30: =IF(BK30>=91, 4.00, IF(BK30>=81, 3.50, IF(BK30>=70, 3.00, IF(BK30>=65, 2.50, IF(BK30>=60, 2.00, IF(BK30>=55, 1.50, IF(BK30>=50, 1.00, 0.00))))))) | BM30: =IF(BK30>=91,"A",IF(BK30>=81,"B+",IF(BK30>=70,"B",IF(BK30>=65,"C+",IF(BK30>=60,"C",IF(BK30>=55,"D+",IF(BK30>=50,"D","F"))))))) | BN30: =IF(BL30>90,"A",IF(BL30>80,"B+",IF(BL30>69,"B",IF(BL30>64,"C+",IF(BL30>59,"C",IF(BL30>54,"D+",IF(BL30>49,"D",IF(BL30>=0,"F")))))))) -> F | BO30: =IF(BN30>=91, 4.00, IF(BN30>=81, 3.50, IF(BN30>=70, 3.00, IF(BN30>=65, 2.50, IF(BN30>=60, 2.00, IF(BN30>=55, 1.50, IF(BN30>=50, 1.00, 0.00))))))) | BP30: =IF(BN30>=91,"A",IF(BN30>=81,"B+",IF(BN30>=70,"B",IF(BN30>=65,"C+",IF(BN30>=60,"C",IF(BN30>=55,"D+",IF(BN30>=50,"D","F"))))))) | BQ30: =ROUND((AN30*3+AQ30*2+AT30*1+AW30*2+AZ30*1+BC30*1+BF30*2+BI30*2+BL30*2+BO30*3)/19, 2) | BS30: =IF(BR30>90,"4.00",IF(BR30>80,"3.50",IF(BR30>69,"3.00",IF(BR30>64,"2.50",IF(BR30>59,"2.00",IF(BR30>54,"1.50",IF(BR30>49,"1.00","0.00"))))))) -> 0.00 | BT30: =IF(BR30>90,"A",IF(BR30>80,"B+",IF(BR30>69,"B",IF(BR30>64,"C+",IF(BR30>59,"C",IF(BR30>54,"D+",IF(BR30>49,"D",IF(BR30>=0,"F")))))))) -> F | BV30: =IF(BU30>90,"4.00",IF(BU30>80,"3.50",IF(BU30>69,"3.00",IF(BU30>64,"2.50",IF(BU30>59,"2.00",IF(BU30>54,"1.50",IF(BU30>49,"1.00","0.00"))))))) -> 0.00 | BW30: =IF(BU30>90,"A",IF(BU30>80,"B+",IF(BU30>69,"B",IF(BU30>64,"C+",IF(BU30>59,"C",IF(BU30>54,"D+",IF(BU30>49,"D",IF(BU30>=0,"F")))))))) -> F | BX30: =(AX30*3+BA30*2+BD30*1+BG30*2+BJ30*1+BM30*1+BP30*2+BS30*2+BV30*2)/(3+2+1+2+1+1+2+2+2) -> 0 | BY30: =(AL30+BX30)/2 -> 0.72058824 | BZ30: =RANK(BY30,$BY$7:BY63) -> 29
A31: 25 | B31: 125N0639/23 | C31: ນາງ | D31: ພອນທິດາ | E31: ດວງອາໄພມະນີ | F31: Ms.Phonethida | G31: DOUANGAPHAYMANY | H31: 38995 | I31: ນະຄອນຫຼວງວຽງຈັນ | J31: 1 | K31: 73 | L31: =IF(K31>=91, 4.00, IF(K31>=81, 3.50, IF(K31>=70, 3.00, IF(K31>=65, 2.50, IF(K31>=60, 2.00, IF(K31>=55, 1.50, IF(K31>=50, 1.00, 0.00))))))) | M31: =IF(K31>=91,"A",IF(K31>=81,"B+",IF(K31>=70,"B",IF(K31>=65,"C+",IF(K31>=60,"C",IF(K31>=55,"D+",IF(K31>=50,"D","F"))))))) | N31: 93 | O31: =IF(N31>=91, 4.00, IF(N31>=81, 3.50, IF(N31>=70, 3.00, IF(N31>=65, 2.50, IF(N31>=60, 2.00, IF(N31>=55, 1.50, IF(N31>=50, 1.00, 0.00))))))) | P31: =IF(N31>=91,"A",IF(N31>=81,"B+",IF(N31>=70,"B",IF(N31>=65,"C+",IF(N31>=60,"C",IF(N31>=55,"D+",IF(N31>=50,"D","F"))))))) | Q31: 88 | R31: =IF(Q31>=91, 4.00, IF(Q31>=81, 3.50, IF(Q31>=70, 3.00, IF(Q31>=65, 2.50, IF(Q31>=60, 2.00, IF(Q31>=55, 1.50, IF(Q31>=50, 1.00, 0.00))))))) | S31: =IF(Q31>=91,"A",IF(Q31>=81,"B+",IF(Q31>=70,"B",IF(Q31>=65,"C+",IF(Q31>=60,"C",IF(Q31>=55,"D+",IF(Q31>=50,"D","F"))))))) | T31: 59 | U31: =IF(T31>=91, 4.00, IF(T31>=81, 3.50, IF(T31>=70, 3.00, IF(T31>=65, 2.50, IF(T31>=60, 2.00, IF(T31>=55, 1.50, IF(T31>=50, 1.00, 0.00))))))) | V31: =IF(T31>=91,"A",IF(T31>=81,"B+",IF(T31>=70,"B",IF(T31>=65,"C+",IF(T31>=60,"C",IF(T31>=55,"D+",IF(T31>=50,"D","F"))))))) | W31: 63 | X31: =IF(W31>=91, 4.00, IF(W31>=81, 3.50, IF(W31>=70, 3.00, IF(W31>=65, 2.50, IF(W31>=60, 2.00, IF(W31>=55, 1.50, IF(W31>=50, 1.00, 0.00))))))) | Y31: =IF(W31>=91,"A",IF(W31>=81,"B+",IF(W31>=70,"B",IF(W31>=65,"C+",IF(W31>=60,"C",IF(W31>=55,"D+",IF(W31>=50,"D","F"))))))) | Z31: 89.95 | AA31: =IF(Z31>=91, 4.00, IF(Z31>=81, 3.50, IF(Z31>=70, 3.00, IF(Z31>=65, 2.50, IF(Z31>=60, 2.00, IF(Z31>=55, 1.50, IF(Z31>=50, 1.00, 0.00))))))) | AB31: =IF(Z31>=91,"A",IF(Z31>=81,"B+",IF(Z31>=70,"B",IF(Z31>=65,"C+",IF(Z31>=60,"C",IF(Z31>=55,"D+",IF(Z31>=50,"D","F"))))))) | AC31: 85 | AD31: =IF(AC31>=91, 4.00, IF(AC31>=81, 3.50, IF(AC31>=70, 3.00, IF(AC31>=65, 2.50, IF(AC31>=60, 2.00, IF(AC31>=55, 1.50, IF(AC31>=50, 1.00, 0.00))))))) | AE31: =IF(AC31>=91,"A",IF(AC31>=81,"B+",IF(AC31>=70,"B",IF(AC31>=65,"C+",IF(AC31>=60,"C",IF(AC31>=55,"D+",IF(AC31>=50,"D","F"))))))) | AF31: 70 | AG31: =IF(AF31>=91, 4.00, IF(AF31>=81, 3.50, IF(AF31>=70, 3.00, IF(AF31>=65, 2.50, IF(AF31>=60, 2.00, IF(AF31>=55, 1.50, IF(AF31>=50, 1.00, 0.00))))))) | AH31: =IF(AF31>=91,"A",IF(AF31>=81,"B+",IF(AF31>=70,"B",IF(AF31>=65,"C+",IF(AF31>=60,"C",IF(AF31>=55,"D+",IF(AF31>=50,"D","F"))))))) | AI31: 105 | AJ31: =IF(AI31>=91, 4.00, IF(AI31>=81, 3.50, IF(AI31>=70, 3.00, IF(AI31>=65, 2.50, IF(AI31>=60, 2.00, IF(AI31>=55, 1.50, IF(AI31>=50, 1.00, 0.00))))))) | AK31: =IF(AI31>=91,"A",IF(AI31>=81,"B+",IF(AI31>=70,"B",IF(AI31>=65,"C+",IF(AI31>=60,"C",IF(AI31>=55,"D+",IF(AI31>=50,"D","F"))))))) | AL31: =ROUND((L31*3+O31*2+R31*1+U31*2+X31*1+AA31*2+AD31*2+AG31*2+AJ31*2)/17, 2) | AM31: 81 | AN31: =IF(AM31>=91, 4.00, IF(AM31>=81, 3.50, IF(AM31>=70, 3.00, IF(AM31>=65, 2.50, IF(AM31>=60, 2.00, IF(AM31>=55, 1.50, IF(AM31>=50, 1.00, 0.00))))))) | AO31: =IF(AM31>=91,"A",IF(AM31>=81,"B+",IF(AM31>=70,"B",IF(AM31>=65,"C+",IF(AM31>=60,"C",IF(AM31>=55,"D+",IF(AM31>=50,"D","F"))))))) | AP31: ນາງ | AQ31: =IF(AP31>=91, 4.00, IF(AP31>=81, 3.50, IF(AP31>=70, 3.00, IF(AP31>=65, 2.50, IF(AP31>=60, 2.00, IF(AP31>=55, 1.50, IF(AP31>=50, 1.00, 0.00))))))) | AR31: =IF(AP31>=91,"A",IF(AP31>=81,"B+",IF(AP31>=70,"B",IF(AP31>=65,"C+",IF(AP31>=60,"C",IF(AP31>=55,"D+",IF(AP31>=50,"D","F"))))))) | AS31: Ms.Phonethida | AT31: =IF(AS31>=91, 4.00, IF(AS31>=81, 3.50, IF(AS31>=70, 3.00, IF(AS31>=65, 2.50, IF(AS31>=60, 2.00, IF(AS31>=55, 1.50, IF(AS31>=50, 1.00, 0.00))))))) | AU31: =IF(AS31>=91,"A",IF(AS31>=81,"B+",IF(AS31>=70,"B",IF(AS31>=65,"C+",IF(AS31>=60,"C",IF(AS31>=55,"D+",IF(AS31>=50,"D","F"))))))) | AV31: ນະຄອນຫຼວງວຽງຈັນ | AW31: =IF(AV31>=91, 4.00, IF(AV31>=81, 3.50, IF(AV31>=70, 3.00, IF(AV31>=65, 2.50, IF(AV31>=60, 2.00, IF(AV31>=55, 1.50, IF(AV31>=50, 1.00, 0.00))))))) | AX31: =IF(AV31>=91,"A",IF(AV31>=81,"B+",IF(AV31>=70,"B",IF(AV31>=65,"C+",IF(AV31>=60,"C",IF(AV31>=55,"D+",IF(AV31>=50,"D","F"))))))) | AY31: =IF(AW31>90,"A",IF(AW31>80,"B+",IF(AW31>69,"B",IF(AW31>64,"C+",IF(AW31>59,"C",IF(AW31>54,"D+",IF(AW31>49,"D",IF(AW31>=0,"F")))))))) -> B+ | AZ31: =IF(AY31>=91, 4.00, IF(AY31>=81, 3.50, IF(AY31>=70, 3.00, IF(AY31>=65, 2.50, IF(AY31>=60, 2.00, IF(AY31>=55, 1.50, IF(AY31>=50, 1.00, 0.00))))))) | BA31: =IF(AY31>=91,"A",IF(AY31>=81,"B+",IF(AY31>=70,"B",IF(AY31>=65,"C+",IF(AY31>=60,"C",IF(AY31>=55,"D+",IF(AY31>=50,"D","F"))))))) | BB31: =IF(AZ31>90,"A",IF(AZ31>80,"B+",IF(AZ31>69,"B",IF(AZ31>64,"C+",IF(AZ31>59,"C",IF(AZ31>54,"D+",IF(AZ31>49,"D",IF(AZ31>=0,"F")))))))) -> A | BC31: =IF(BB31>=91, 4.00, IF(BB31>=81, 3.50, IF(BB31>=70, 3.00, IF(BB31>=65, 2.50, IF(BB31>=60, 2.00, IF(BB31>=55, 1.50, IF(BB31>=50, 1.00, 0.00))))))) | BD31: =IF(BB31>=91,"A",IF(BB31>=81,"B+",IF(BB31>=70,"B",IF(BB31>=65,"C+",IF(BB31>=60,"C",IF(BB31>=55,"D+",IF(BB31>=50,"D","F"))))))) | BE31: =IF(BC31>90,"A",IF(BC31>80,"B+",IF(BC31>69,"B",IF(BC31>64,"C+",IF(BC31>59,"C",IF(BC31>54,"D+",IF(BC31>49,"D",IF(BC31>=0,"F")))))))) -> A | BF31: =IF(BE31>=91, 4.00, IF(BE31>=81, 3.50, IF(BE31>=70, 3.00, IF(BE31>=65, 2.50, IF(BE31>=60, 2.00, IF(BE31>=55, 1.50, IF(BE31>=50, 1.00, 0.00))))))) | BG31: =IF(BE31>=91,"A",IF(BE31>=81,"B+",IF(BE31>=70,"B",IF(BE31>=65,"C+",IF(BE31>=60,"C",IF(BE31>=55,"D+",IF(BE31>=50,"D","F"))))))) | BH31: =IF(BF31>90,"A",IF(BF31>80,"B+",IF(BF31>69,"B",IF(BF31>64,"C+",IF(BF31>59,"C",IF(BF31>54,"D+",IF(BF31>49,"D",IF(BF31>=0,"F")))))))) -> A | BI31: =IF(BH31>=91, 4.00, IF(BH31>=81, 3.50, IF(BH31>=70, 3.00, IF(BH31>=65, 2.50, IF(BH31>=60, 2.00, IF(BH31>=55, 1.50, IF(BH31>=50, 1.00, 0.00))))))) | BJ31: =IF(BH31>=91,"A",IF(BH31>=81,"B+",IF(BH31>=70,"B",IF(BH31>=65,"C+",IF(BH31>=60,"C",IF(BH31>=55,"D+",IF(BH31>=50,"D","F"))))))) | BK31: =IF(BI31>90,"A",IF(BI31>80,"B+",IF(BI31>69,"B",IF(BI31>64,"C+",IF(BI31>59,"C",IF(BI31>54,"D+",IF(BI31>49,"D",IF(BI31>=0,"F")))))))) -> A | BL31: =IF(BK31>=91, 4.00, IF(BK31>=81, 3.50, IF(BK31>=70, 3.00, IF(BK31>=65, 2.50, IF(BK31>=60, 2.00, IF(BK31>=55, 1.50, IF(BK31>=50, 1.00, 0.00))))))) | BM31: =IF(BK31>=91,"A",IF(BK31>=81,"B+",IF(BK31>=70,"B",IF(BK31>=65,"C+",IF(BK31>=60,"C",IF(BK31>=55,"D+",IF(BK31>=50,"D","F"))))))) | BN31: =IF(BL31>90,"A",IF(BL31>80,"B+",IF(BL31>69,"B",IF(BL31>64,"C+",IF(BL31>59,"C",IF(BL31>54,"D+",IF(BL31>49,"D",IF(BL31>=0,"F")))))))) -> A | BO31: =IF(BN31>=91, 4.00, IF(BN31>=81, 3.50, IF(BN31>=70, 3.00, IF(BN31>=65, 2.50, IF(BN31>=60, 2.00, IF(BN31>=55, 1.50, IF(BN31>=50, 1.00, 0.00))))))) | BP31: =IF(BN31>=91,"A",IF(BN31>=81,"B+",IF(BN31>=70,"B",IF(BN31>=65,"C+",IF(BN31>=60,"C",IF(BN31>=55,"D+",IF(BN31>=50,"D","F"))))))) | BQ31: =ROUND((AN31*3+AQ31*2+AT31*1+AW31*2+AZ31*1+BC31*1+BF31*2+BI31*2+BL31*2+BO31*3)/19, 2) | BR31: 86 | BS31: =IF(BR31>90,"4.00",IF(BR31>80,"3.50",IF(BR31>69,"3.00",IF(BR31>64,"2.50",IF(BR31>59,"2.00",IF(BR31>54,"1.50",IF(BR31>49,"1.00","0.00"))))))) -> 3.50 | BT31: =IF(BR31>90,"A",IF(BR31>80,"B+",IF(BR31>69,"B",IF(BR31>64,"C+",IF(BR31>59,"C",IF(BR31>54,"D+",IF(BR31>49,"D",IF(BR31>=0,"F")))))))) -> B+ | BU31: 75 | BV31: =IF(BU31>90,"4.00",IF(BU31>80,"3.50",IF(BU31>69,"3.00",IF(BU31>64,"2.50",IF(BU31>59,"2.00",IF(BU31>54,"1.50",IF(BU31>49,"1.00","0.00"))))))) -> 3.00 | BW31: =IF(BU31>90,"A",IF(BU31>80,"B+",IF(BU31>69,"B",IF(BU31>64,"C+",IF(BU31>59,"C",IF(BU31>54,"D+",IF(BU31>49,"D",IF(BU31>=0,"F")))))))) -> B | BX31: =(AX31*3+BA31*2+BD31*1+BG31*2+BJ31*1+BM31*1+BP31*2+BS31*2+BV31*2)/(3+2+1+2+1+1+2+2+2) -> 3.59375 | BY31: =(AL31+BX31)/2 -> 3.2674632 | BZ31: =RANK(BY31,$BY$7:BY64) -> 8
A32: 26 | B32: 125N0640/23 | C32: ທ້າວ | D32: ອູ່ພັນໄຊ | E32: ອິນທານຸງວົງ | F32: Mr.Ouphansay | G32: INGTHANOUNGVONG | H32: 15/01/2006 | I32: ນະຄອນຫຼວງວຽງຈັນ | J32: 1 | K32: 40 | L32: =IF(K32>=91, 4.00, IF(K32>=81, 3.50, IF(K32>=70, 3.00, IF(K32>=65, 2.50, IF(K32>=60, 2.00, IF(K32>=55, 1.50, IF(K32>=50, 1.00, 0.00))))))) | M32: =IF(K32>=91,"A",IF(K32>=81,"B+",IF(K32>=70,"B",IF(K32>=65,"C+",IF(K32>=60,"C",IF(K32>=55,"D+",IF(K32>=50,"D","F"))))))) | N32: 63 | O32: =IF(N32>=91, 4.00, IF(N32>=81, 3.50, IF(N32>=70, 3.00, IF(N32>=65, 2.50, IF(N32>=60, 2.00, IF(N32>=55, 1.50, IF(N32>=50, 1.00, 0.00))))))) | P32: =IF(N32>=91,"A",IF(N32>=81,"B+",IF(N32>=70,"B",IF(N32>=65,"C+",IF(N32>=60,"C",IF(N32>=55,"D+",IF(N32>=50,"D","F"))))))) | Q32: 77 | R32: =IF(Q32>=91, 4.00, IF(Q32>=81, 3.50, IF(Q32>=70, 3.00, IF(Q32>=65, 2.50, IF(Q32>=60, 2.00, IF(Q32>=55, 1.50, IF(Q32>=50, 1.00, 0.00))))))) | S32: =IF(Q32>=91,"A",IF(Q32>=81,"B+",IF(Q32>=70,"B",IF(Q32>=65,"C+",IF(Q32>=60,"C",IF(Q32>=55,"D+",IF(Q32>=50,"D","F"))))))) | T32: 51 | U32: =IF(T32>=91, 4.00, IF(T32>=81, 3.50, IF(T32>=70, 3.00, IF(T32>=65, 2.50, IF(T32>=60, 2.00, IF(T32>=55, 1.50, IF(T32>=50, 1.00, 0.00))))))) | V32: =IF(T32>=91,"A",IF(T32>=81,"B+",IF(T32>=70,"B",IF(T32>=65,"C+",IF(T32>=60,"C",IF(T32>=55,"D+",IF(T32>=50,"D","F"))))))) | W32: 30 | X32: =IF(W32>=91, 4.00, IF(W32>=81, 3.50, IF(W32>=70, 3.00, IF(W32>=65, 2.50, IF(W32>=60, 2.00, IF(W32>=55, 1.50, IF(W32>=50, 1.00, 0.00))))))) | Y32: =IF(W32>=91,"A",IF(W32>=81,"B+",IF(W32>=70,"B",IF(W32>=65,"C+",IF(W32>=60,"C",IF(W32>=55,"D+",IF(W32>=50,"D","F"))))))) | Z32: 91 | AA32: =IF(Z32>=91, 4.00, IF(Z32>=81, 3.50, IF(Z32>=70, 3.00, IF(Z32>=65, 2.50, IF(Z32>=60, 2.00, IF(Z32>=55, 1.50, IF(Z32>=50, 1.00, 0.00))))))) | AB32: =IF(Z32>=91,"A",IF(Z32>=81,"B+",IF(Z32>=70,"B",IF(Z32>=65,"C+",IF(Z32>=60,"C",IF(Z32>=55,"D+",IF(Z32>=50,"D","F"))))))) | AC32: 79.5 | AD32: =IF(AC32>=91, 4.00, IF(AC32>=81, 3.50, IF(AC32>=70, 3.00, IF(AC32>=65, 2.50, IF(AC32>=60, 2.00, IF(AC32>=55, 1.50, IF(AC32>=50, 1.00, 0.00))))))) | AE32: =IF(AC32>=91,"A",IF(AC32>=81,"B+",IF(AC32>=70,"B",IF(AC32>=65,"C+",IF(AC32>=60,"C",IF(AC32>=55,"D+",IF(AC32>=50,"D","F"))))))) | AF32: 65 | AG32: =IF(AF32>=91, 4.00, IF(AF32>=81, 3.50, IF(AF32>=70, 3.00, IF(AF32>=65, 2.50, IF(AF32>=60, 2.00, IF(AF32>=55, 1.50, IF(AF32>=50, 1.00, 0.00))))))) | AH32: =IF(AF32>=91,"A",IF(AF32>=81,"B+",IF(AF32>=70,"B",IF(AF32>=65,"C+",IF(AF32>=60,"C",IF(AF32>=55,"D+",IF(AF32>=50,"D","F"))))))) | AI32: 106 | AJ32: =IF(AI32>=91, 4.00, IF(AI32>=81, 3.50, IF(AI32>=70, 3.00, IF(AI32>=65, 2.50, IF(AI32>=60, 2.00, IF(AI32>=55, 1.50, IF(AI32>=50, 1.00, 0.00))))))) | AK32: =IF(AI32>=91,"A",IF(AI32>=81,"B+",IF(AI32>=70,"B",IF(AI32>=65,"C+",IF(AI32>=60,"C",IF(AI32>=55,"D+",IF(AI32>=50,"D","F"))))))) | AL32: =ROUND((L32*3+O32*2+R32*1+U32*2+X32*1+AA32*2+AD32*2+AG32*2+AJ32*2)/17, 2) | AM32: 84 | AN32: =IF(AM32>=91, 4.00, IF(AM32>=81, 3.50, IF(AM32>=70, 3.00, IF(AM32>=65, 2.50, IF(AM32>=60, 2.00, IF(AM32>=55, 1.50, IF(AM32>=50, 1.00, 0.00))))))) | AO32: =IF(AM32>=91,"A",IF(AM32>=81,"B+",IF(AM32>=70,"B",IF(AM32>=65,"C+",IF(AM32>=60,"C",IF(AM32>=55,"D+",IF(AM32>=50,"D","F"))))))) | AP32: ທ້າວ | AQ32: =IF(AP32>=91, 4.00, IF(AP32>=81, 3.50, IF(AP32>=70, 3.00, IF(AP32>=65, 2.50, IF(AP32>=60, 2.00, IF(AP32>=55, 1.50, IF(AP32>=50, 1.00, 0.00))))))) | AR32: =IF(AP32>=91,"A",IF(AP32>=81,"B+",IF(AP32>=70,"B",IF(AP32>=65,"C+",IF(AP32>=60,"C",IF(AP32>=55,"D+",IF(AP32>=50,"D","F"))))))) | AS32: Mr.Ouphansay | AT32: =IF(AS32>=91, 4.00, IF(AS32>=81, 3.50, IF(AS32>=70, 3.00, IF(AS32>=65, 2.50, IF(AS32>=60, 2.00, IF(AS32>=55, 1.50, IF(AS32>=50, 1.00, 0.00))))))) | AU32: =IF(AS32>=91,"A",IF(AS32>=81,"B+",IF(AS32>=70,"B",IF(AS32>=65,"C+",IF(AS32>=60,"C",IF(AS32>=55,"D+",IF(AS32>=50,"D","F"))))))) | AV32: ນະຄອນຫຼວງວຽງຈັນ | AW32: =IF(AV32>=91, 4.00, IF(AV32>=81, 3.50, IF(AV32>=70, 3.00, IF(AV32>=65, 2.50, IF(AV32>=60, 2.00, IF(AV32>=55, 1.50, IF(AV32>=50, 1.00, 0.00))))))) | AX32: =IF(AV32>=91,"A",IF(AV32>=81,"B+",IF(AV32>=70,"B",IF(AV32>=65,"C+",IF(AV32>=60,"C",IF(AV32>=55,"D+",IF(AV32>=50,"D","F"))))))) | AY32: =IF(AW32>90,"A",IF(AW32>80,"B+",IF(AW32>69,"B",IF(AW32>64,"C+",IF(AW32>59,"C",IF(AW32>54,"D+",IF(AW32>49,"D",IF(AW32>=0,"F")))))))) -> F | AZ32: =IF(AY32>=91, 4.00, IF(AY32>=81, 3.50, IF(AY32>=70, 3.00, IF(AY32>=65, 2.50, IF(AY32>=60, 2.00, IF(AY32>=55, 1.50, IF(AY32>=50, 1.00, 0.00))))))) | BA32: =IF(AY32>=91,"A",IF(AY32>=81,"B+",IF(AY32>=70,"B",IF(AY32>=65,"C+",IF(AY32>=60,"C",IF(AY32>=55,"D+",IF(AY32>=50,"D","F"))))))) | BB32: =IF(AZ32>90,"A",IF(AZ32>80,"B+",IF(AZ32>69,"B",IF(AZ32>64,"C+",IF(AZ32>59,"C",IF(AZ32>54,"D+",IF(AZ32>49,"D",IF(AZ32>=0,"F")))))))) -> F | BC32: =IF(BB32>=91, 4.00, IF(BB32>=81, 3.50, IF(BB32>=70, 3.00, IF(BB32>=65, 2.50, IF(BB32>=60, 2.00, IF(BB32>=55, 1.50, IF(BB32>=50, 1.00, 0.00))))))) | BD32: =IF(BB32>=91,"A",IF(BB32>=81,"B+",IF(BB32>=70,"B",IF(BB32>=65,"C+",IF(BB32>=60,"C",IF(BB32>=55,"D+",IF(BB32>=50,"D","F"))))))) | BE32: =IF(BC32>90,"A",IF(BC32>80,"B+",IF(BC32>69,"B",IF(BC32>64,"C+",IF(BC32>59,"C",IF(BC32>54,"D+",IF(BC32>49,"D",IF(BC32>=0,"F")))))))) -> F | BF32: =IF(BE32>=91, 4.00, IF(BE32>=81, 3.50, IF(BE32>=70, 3.00, IF(BE32>=65, 2.50, IF(BE32>=60, 2.00, IF(BE32>=55, 1.50, IF(BE32>=50, 1.00, 0.00))))))) | BG32: =IF(BE32>=91,"A",IF(BE32>=81,"B+",IF(BE32>=70,"B",IF(BE32>=65,"C+",IF(BE32>=60,"C",IF(BE32>=55,"D+",IF(BE32>=50,"D","F"))))))) | BH32: =IF(BF32>90,"A",IF(BF32>80,"B+",IF(BF32>69,"B",IF(BF32>64,"C+",IF(BF32>59,"C",IF(BF32>54,"D+",IF(BF32>49,"D",IF(BF32>=0,"F")))))))) -> F | BI32: =IF(BH32>=91, 4.00, IF(BH32>=81, 3.50, IF(BH32>=70, 3.00, IF(BH32>=65, 2.50, IF(BH32>=60, 2.00, IF(BH32>=55, 1.50, IF(BH32>=50, 1.00, 0.00))))))) | BJ32: =IF(BH32>=91,"A",IF(BH32>=81,"B+",IF(BH32>=70,"B",IF(BH32>=65,"C+",IF(BH32>=60,"C",IF(BH32>=55,"D+",IF(BH32>=50,"D","F"))))))) | BK32: =IF(BI32>90,"A",IF(BI32>80,"B+",IF(BI32>69,"B",IF(BI32>64,"C+",IF(BI32>59,"C",IF(BI32>54,"D+",IF(BI32>49,"D",IF(BI32>=0,"F")))))))) -> D+ | BL32: =IF(BK32>=91, 4.00, IF(BK32>=81, 3.50, IF(BK32>=70, 3.00, IF(BK32>=65, 2.50, IF(BK32>=60, 2.00, IF(BK32>=55, 1.50, IF(BK32>=50, 1.00, 0.00))))))) | BM32: =IF(BK32>=91,"A",IF(BK32>=81,"B+",IF(BK32>=70,"B",IF(BK32>=65,"C+",IF(BK32>=60,"C",IF(BK32>=55,"D+",IF(BK32>=50,"D","F"))))))) | BN32: =IF(BL32>90,"A",IF(BL32>80,"B+",IF(BL32>69,"B",IF(BL32>64,"C+",IF(BL32>59,"C",IF(BL32>54,"D+",IF(BL32>49,"D",IF(BL32>=0,"F")))))))) -> D | BO32: =IF(BN32>=91, 4.00, IF(BN32>=81, 3.50, IF(BN32>=70, 3.00, IF(BN32>=65, 2.50, IF(BN32>=60, 2.00, IF(BN32>=55, 1.50, IF(BN32>=50, 1.00, 0.00))))))) | BP32: =IF(BN32>=91,"A",IF(BN32>=81,"B+",IF(BN32>=70,"B",IF(BN32>=65,"C+",IF(BN32>=60,"C",IF(BN32>=55,"D+",IF(BN32>=50,"D","F"))))))) | BQ32: =ROUND((AN32*3+AQ32*2+AT32*1+AW32*2+AZ32*1+BC32*1+BF32*2+BI32*2+BL32*2+BO32*3)/19, 2) | BR32: 48 | BS32: =IF(BR32>90,"4.00",IF(BR32>80,"3.50",IF(BR32>69,"3.00",IF(BR32>64,"2.50",IF(BR32>59,"2.00",IF(BR32>54,"1.50",IF(BR32>49,"1.00","0.00"))))))) -> 0.00 | BT32: =IF(BR32>90,"A",IF(BR32>80,"B+",IF(BR32>69,"B",IF(BR32>64,"C+",IF(BR32>59,"C",IF(BR32>54,"D+",IF(BR32>49,"D",IF(BR32>=0,"F")))))))) -> F | BU32: 63 | BV32: =IF(BU32>90,"4.00",IF(BU32>80,"3.50",IF(BU32>69,"3.00",IF(BU32>64,"2.50",IF(BU32>59,"2.00",IF(BU32>54,"1.50",IF(BU32>49,"1.00","0.00"))))))) -> 2.00 | BW32: =IF(BU32>90,"A",IF(BU32>80,"B+",IF(BU32>69,"B",IF(BU32>64,"C+",IF(BU32>59,"C",IF(BU32>54,"D+",IF(BU32>49,"D",IF(BU32>=0,"F")))))))) -> C | BX32: =(AX32*3+BA32*2+BD32*1+BG32*2+BJ32*1+BM32*1+BP32*2+BS32*2+BV32*2)/(3+2+1+2+1+1+2+2+2) -> 0.65625 | BY32: =(AL32+BX32)/2 -> 1.2693015 | BZ32: =RANK(BY32,$BY$7:BY65) -> 24
